student_id,branch,cgpa,percentage,backlogs,aptitude_score,technical_skills,placed
STU1000,Electronics & Communication,7.95,75.2,0,77.1,"Python, SQL, React, Data Structures, Git, Docker",1
STU1001,Computer Science & Engineering,9.08,86.8,0,82.1,"C++, Data Structures, Algorithms, System Design, Linux, Git",1
STU1002,Computer Science & Engineering,6.88,66.4,0,61.5,"C, C++, Embedded Systems, RTOS, Linux",1
STU1003,Computer Science & Engineering,6.89,60.2,0,81.3,"Python, SQL, React, Data Structures, Git, Docker",1
STU1004,Electrical Engineering,6.29,60.4,0,55.3,"Python, Machine Learning, Pandas, Scikit-learn, SQL, PowerBI",1
STU1005,Information Technology,5.85,54.3,0,76.4,"C, C++, Embedded Systems, RTOS, Linux",0
STU1006,Artificial Intelligence & Data Science,6.8,64.8,0,51.9,"C, C++, Embedded Systems, RTOS, Linux",1
STU1007,Electronics & Communication,7.81,73.0,0,81.3,"SQL, Excel, Tableau, Python, Data Analytics",1
STU1008,Information Technology,6.74,67.7,1,67.8,"Python, SQL, React, Data Structures, Git, Docker",1
STU1009,Electronics & Communication,6.24,58.8,0,73.5,"AWS, Python, Terraform, Docker, Kubernetes, CI/CD",1
STU1010,Computer Science & Engineering,7.63,68.6,0,49.4,"AWS, Python, Terraform, Docker, Kubernetes, CI/CD",1
STU1011,Electronics & Communication,7.62,72.8,0,80.3,"Java, Spring Boot, MySQL, REST APIs, Microservices, DSA",1
STU1012,Electronics & Communication,7.27,68.5,1,47.3,"SQL, Excel, Tableau, Python, Data Analytics",0
STU1013,Electrical Engineering,6.61,60.1,1,55.7,"Python, Django, PostgreSQL, Git",1
STU1014,Computer Science & Engineering,7.76,72.9,0,58.5,"Java, SQL, HTML, CSS, Problem Solving",1
STU1015,Electronics & Communication,8.07,77.8,0,80.4,"SQL, Excel, Tableau, Python, Data Analytics",1
STU1016,Computer Science & Engineering,6.48,60.9,0,72.6,"Java, Spring Boot, MySQL, REST APIs, Microservices, DSA",1
STU1017,Computer Science & Engineering,8.47,80.1,0,62.3,"HTML, CSS, JavaScript, React, Node.js, Express, MongoDB",1
STU1018,Artificial Intelligence & Data Science,8.29,81.5,1,67.0,"Java, Spring Boot, MySQL, REST APIs, Microservices, DSA",1
STU1019,Information Technology,8.5,82.7,0,79.1,"AWS, Python, Terraform, Docker, Kubernetes, CI/CD",1
STU1020,Electronics & Communication,7.36,73.0,0,31.3,"Python, Machine Learning, Pandas, Scikit-learn, SQL, PowerBI",1
STU1021,Electrical Engineering,8.3,76.0,0,82.6,"Java, Spring Boot, MySQL, REST APIs, Microservices, DSA",1
STU1022,Information Technology,7.16,68.7,0,88.7,"C, C++, Embedded Systems, RTOS, Linux",1
STU1023,Electronics & Communication,6.83,64.5,0,62.0,"Java, SQL, HTML, CSS, Problem Solving",1
STU1024,Information Technology,8.41,80.6,5,60.6,"C, C++, Embedded Systems, RTOS, Linux",0
STU1025,Information Technology,7.96,78.4,0,70.5,"Python, SQL, React, Data Structures, Git, Docker",1
STU1026,Artificial Intelligence & Data Science,6.63,62.3,1,62.5,"AWS, Python, Terraform, Docker, Kubernetes, CI/CD",0
STU1027,Electrical Engineering,5.79,50.0,0,72.8,"Python, Machine Learning, Pandas, Scikit-learn, SQL, PowerBI",0
STU1028,Information Technology,7.02,65.1,1,65.7,"AWS, Python, Terraform, Docker, Kubernetes, CI/CD",1
STU1029,Artificial Intelligence & Data Science,7.84,72.6,0,87.7,"Java, SQL, HTML, CSS, Problem Solving",1
STU1030,Information Technology,5.29,50.2,0,68.8,"C++, Data Structures, Algorithms, System Design, Linux, Git",0
STU1031,Electronics & Communication,9.95,95.5,1,64.4,"C, C++, Embedded Systems, RTOS, Linux",1
STU1032,Electrical Engineering,7.36,67.6,1,84.0,"Java, SQL, HTML, CSS, Problem Solving",1
STU1033,Information Technology,8.23,76.6,0,87.4,"Python, Machine Learning, Pandas, Scikit-learn, SQL, PowerBI",1
STU1034,Computer Science & Engineering,8.05,80.9,0,54.1,"Java, Spring Boot, MySQL, REST APIs, Microservices, DSA",1
STU1035,Information Technology,6.78,67.8,1,80.2,"C++, Data Structures, Algorithms, System Design, Linux, Git",1
STU1036,Electrical Engineering,5.69,54.2,1,53.1,"Java, SQL, HTML, CSS, Problem Solving",0
STU1037,Electrical Engineering,7.92,76.5,0,65.7,"Java, SQL, HTML, CSS, Problem Solving",1
STU1038,Electrical Engineering,6.54,61.5,5,79.4,"HTML, CSS, JavaScript, React, Node.js, Express, MongoDB",0
STU1039,Computer Science & Engineering,6.05,60.2,1,99.0,"Python, SQL, React, Data Structures, Git, Docker",1
STU1040,Electronics & Communication,7.69,74.6,0,50.7,"C, C++, Embedded Systems, RTOS, Linux",1
STU1041,Computer Science & Engineering,5.95,57.8,1,85.0,"AWS, Python, Terraform, Docker, Kubernetes, CI/CD",0
STU1042,Artificial Intelligence & Data Science,7.72,71.9,0,94.1,"C++, Data Structures, Algorithms, System Design, Linux, Git",1
STU1043,Electrical Engineering,7.92,76.7,0,54.6,"HTML, CSS, JavaScript, React, Node.js, Express, MongoDB",1
STU1044,Computer Science & Engineering,8.67,80.7,1,81.5,"C, C++, Embedded Systems, RTOS, Linux",1
STU1045,Electrical Engineering,7.85,72.8,1,70.0,"HTML, CSS, JavaScript, React, Node.js, Express, MongoDB",1
STU1046,Electronics & Communication,6.42,59.4,0,66.9,"C++, Data Structures, Algorithms, System Design, Linux, Git",1
STU1047,Electrical Engineering,7.78,76.3,1,75.5,"C, C++, Embedded Systems, RTOS, Linux",1
STU1048,Electronics & Communication,7.11,73.0,2,76.8,"SQL, Excel, Tableau, Python, Data Analytics",0
STU1049,Electronics & Communication,6.46,61.5,0,66.1,"Java, Spring Boot, MySQL, REST APIs, Microservices, DSA",1
STU1050,Information Technology,7.15,69.4,1,74.6,"HTML, CSS, JavaScript, React, Node.js, Express, MongoDB",0
STU1051,Computer Science & Engineering,7.32,68.6,0,78.9,"SQL, Excel, Tableau, Python, Data Analytics",1
STU1052,Computer Science & Engineering,6.91,67.4,0,71.0,"Python, Django, PostgreSQL, Git",1
STU1053,Information Technology,6.03,58.5,5,92.7,"C++, Data Structures, Algorithms, System Design, Linux, Git",0
STU1054,Information Technology,7.46,68.6,0,73.0,"C, C++, Embedded Systems, RTOS, Linux",1
STU1055,Artificial Intelligence & Data Science,8.02,74.3,0,87.3,"SQL, Excel, Tableau, Python, Data Analytics",1
STU1056,Electronics & Communication,7.97,76.7,5,75.2,"Python, Machine Learning, Pandas, Scikit-learn, SQL, PowerBI",0
STU1057,Artificial Intelligence & Data Science,9.95,97.2,0,81.8,"AWS, Python, Terraform, Docker, Kubernetes, CI/CD",1
STU1058,Computer Science & Engineering,7.05,68.5,2,57.2,"Python, Django, PostgreSQL, Git",0
STU1059,Electronics & Communication,7.14,67.8,0,60.5,"Java, Spring Boot, MySQL, REST APIs, Microservices, DSA",1
STU1060,Information Technology,8.15,74.2,0,61.4,"C, C++, Embedded Systems, RTOS, Linux",1
STU1061,Computer Science & Engineering,8.6,84.8,0,69.8,"Python, SQL, React, Data Structures, Git, Docker",1
STU1062,Information Technology,6.6,63.1,0,68.6,"Python, SQL, React, Data Structures, Git, Docker",1
STU1063,Electronics & Communication,6.68,66.2,0,79.6,"Python, SQL, React, Data Structures, Git, Docker",1
STU1064,Electronics & Communication,5.17,50.0,0,58.7,"Python, Machine Learning, Pandas, Scikit-learn, SQL, PowerBI",0
STU1065,Electrical Engineering,8.34,77.7,0,91.3,"Python, Machine Learning, Pandas, Scikit-learn, SQL, PowerBI",1
STU1066,Electrical Engineering,6.88,64.1,0,92.7,"SQL, Excel, Tableau, Python, Data Analytics",1
STU1067,Artificial Intelligence & Data Science,7.85,75.3,0,91.1,"Python, Django, PostgreSQL, Git",1
STU1068,Artificial Intelligence & Data Science,5.73,53.5,0,85.7,"Java, Spring Boot, MySQL, REST APIs, Microservices, DSA",0
STU1069,Artificial Intelligence & Data Science,6.62,62.4,0,94.2,"Java, SQL, HTML, CSS, Problem Solving",1
STU1070,Computer Science & Engineering,5.0,50.0,1,64.5,"Python, SQL, React, Data Structures, Git, Docker",0
STU1071,Computer Science & Engineering,6.03,60.4,0,86.5,"AWS, Python, Terraform, Docker, Kubernetes, CI/CD",1
STU1072,Electrical Engineering,8.99,82.5,0,84.3,"Python, Machine Learning, Pandas, Scikit-learn, SQL, PowerBI",1
STU1073,Information Technology,7.41,70.0,0,68.9,"Java, SQL, HTML, CSS, Problem Solving",1
STU1074,Computer Science & Engineering,7.52,72.8,0,90.2,"Python, Machine Learning, Pandas, Scikit-learn, SQL, PowerBI",1
STU1075,Computer Science & Engineering,6.04,58.8,0,69.0,"C, C++, Embedded Systems, RTOS, Linux",1
STU1076,Computer Science & Engineering,7.71,72.0,0,65.1,"C, C++, Embedded Systems, RTOS, Linux",1
STU1077,Artificial Intelligence & Data Science,6.86,63.9,3,63.0,"C++, Data Structures, Algorithms, System Design, Linux, Git",0
STU1078,Artificial Intelligence & Data Science,8.39,80.3,0,79.4,"Python, Machine Learning, Pandas, Scikit-learn, SQL, PowerBI",1
STU1079,Artificial Intelligence & Data Science,8.09,78.0,2,58.1,"C++, Data Structures, Algorithms, System Design, Linux, Git",0
STU1080,Electronics & Communication,7.38,70.3,0,85.9,"Java, SQL, HTML, CSS, Problem Solving",1
STU1081,Electronics & Communication,6.75,67.2,2,61.8,"Python, Django, PostgreSQL, Git",0
STU1082,Artificial Intelligence & Data Science,8.84,84.0,0,77.5,"C, C++, Embedded Systems, RTOS, Linux",1
STU1083,Information Technology,7.06,66.5,0,59.4,"HTML, CSS, JavaScript, React, Node.js, Express, MongoDB",1
STU1084,Computer Science & Engineering,7.51,72.5,5,56.5,"C, C++, Embedded Systems, RTOS, Linux",0
STU1085,Computer Science & Engineering,9.7,94.6,1,51.2,"Python, SQL, React, Data Structures, Git, Docker",1
STU1086,Electrical Engineering,8.09,78.1,0,67.8,"C, C++, Embedded Systems, RTOS, Linux",1
STU1087,Computer Science & Engineering,6.41,56.7,0,92.8,"C, C++, Embedded Systems, RTOS, Linux",1
STU1088,Electrical Engineering,6.49,61.0,1,73.8,"Java, Spring Boot, MySQL, REST APIs, Microservices, DSA",1
STU1089,Artificial Intelligence & Data Science,6.78,63.5,0,70.9,"Python, Machine Learning, Pandas, Scikit-learn, SQL, PowerBI",1
STU1090,Information Technology,6.88,65.8,0,47.7,"SQL, Excel, Tableau, Python, Data Analytics",1
STU1091,Electrical Engineering,5.85,54.2,0,87.0,"Python, SQL, React, Data Structures, Git, Docker",0
STU1092,Electrical Engineering,7.74,76.5,0,80.0,"SQL, Excel, Tableau, Python, Data Analytics",1
STU1093,Information Technology,7.22,68.0,0,67.9,"HTML, CSS, JavaScript, React, Node.js, Express, MongoDB",1
STU1094,Information Technology,7.75,72.0,0,75.3,"AWS, Python, Terraform, Docker, Kubernetes, CI/CD",1
STU1095,Electronics & Communication,9.09,83.5,0,56.2,"C++, Data Structures, Algorithms, System Design, Linux, Git",1
STU1096,Computer Science & Engineering,7.65,72.7,0,69.4,"Java, Spring Boot, MySQL, REST APIs, Microservices, DSA",1
STU1097,Computer Science & Engineering,6.55,66.8,0,73.7,"SQL, Excel, Tableau, Python, Data Analytics",1
STU1098,Electrical Engineering,9.77,91.3,0,80.2,"Python, Machine Learning, Pandas, Scikit-learn, SQL, PowerBI",1
STU1099,Computer Science & Engineering,7.6,72.0,0,81.7,"AWS, Python, Terraform, Docker, Kubernetes, CI/CD",1
STU1100,Electronics & Communication,6.48,60.4,1,38.3,"AWS, Python, Terraform, Docker, Kubernetes, CI/CD",1
STU1101,Electronics & Communication,6.82,61.0,0,73.1,"C, C++, Embedded Systems, RTOS, Linux",1
STU1102,Computer Science & Engineering,6.41,61.9,0,49.5,"C, C++, Embedded Systems, RTOS, Linux",0
STU1103,Electronics & Communication,9.41,89.2,0,64.0,"C, C++, Embedded Systems, RTOS, Linux",1
STU1104,Information Technology,5.52,55.1,2,66.4,"Java, Spring Boot, MySQL, REST APIs, Microservices, DSA",0
STU1105,Electrical Engineering,8.76,83.0,0,67.2,"Java, Spring Boot, MySQL, REST APIs, Microservices, DSA",1
STU1106,Electrical Engineering,7.41,70.5,0,61.7,"HTML, CSS, JavaScript, React, Node.js, Express, MongoDB",1
STU1107,Information Technology,8.09,74.1,0,75.5,"AWS, Python, Terraform, Docker, Kubernetes, CI/CD",1
STU1108,Electrical Engineering,5.71,56.8,0,72.7,"HTML, CSS, JavaScript, React, Node.js, Express, MongoDB",0
STU1109,Computer Science & Engineering,6.58,62.7,0,89.7,"Python, SQL, React, Data Structures, Git, Docker",1
STU1110,Computer Science & Engineering,9.67,95.4,0,64.5,"HTML, CSS, JavaScript, React, Node.js, Express, MongoDB",1
STU1111,Electronics & Communication,8.47,83.4,0,80.3,"C++, Data Structures, Algorithms, System Design, Linux, Git",1
STU1112,Electrical Engineering,8.56,77.8,0,51.4,"Python, Django, PostgreSQL, Git",1
STU1113,Computer Science & Engineering,5.16,50.0,0,37.6,"C, C++, Embedded Systems, RTOS, Linux",0
STU1114,Electrical Engineering,9.19,84.5,0,44.2,"C++, Data Structures, Algorithms, System Design, Linux, Git",1
STU1115,Electrical Engineering,7.34,69.7,0,73.6,"AWS, Python, Terraform, Docker, Kubernetes, CI/CD",1
STU1116,Information Technology,5.97,58.1,0,73.1,"Java, SQL, HTML, CSS, Problem Solving",0
STU1117,Computer Science & Engineering,6.37,62.0,0,63.9,"AWS, Python, Terraform, Docker, Kubernetes, CI/CD",1
STU1118,Information Technology,6.32,61.0,2,60.6,"Python, Machine Learning, Pandas, Scikit-learn, SQL, PowerBI",0
STU1119,Electrical Engineering,6.53,59.2,0,65.3,"AWS, Python, Terraform, Docker, Kubernetes, CI/CD",1
STU1120,Electrical Engineering,9.56,90.9,2,58.2,"Java, SQL, HTML, CSS, Problem Solving",0
STU1121,Information Technology,7.64,74.3,1,59.3,"Python, Machine Learning, Pandas, Scikit-learn, SQL, PowerBI",1
STU1122,Computer Science & Engineering,6.82,63.6,3,64.1,"Java, SQL, HTML, CSS, Problem Solving",0
STU1123,Artificial Intelligence & Data Science,5.0,50.0,0,37.3,"AWS, Python, Terraform, Docker, Kubernetes, CI/CD",0
STU1124,Electronics & Communication,8.03,76.9,1,99.0,"Python, Machine Learning, Pandas, Scikit-learn, SQL, PowerBI",1
STU1125,Artificial Intelligence & Data Science,8.63,85.0,0,33.6,"Java, Spring Boot, MySQL, REST APIs, Microservices, DSA",1
STU1126,Information Technology,6.57,59.6,1,58.9,"Python, Django, PostgreSQL, Git",1
STU1127,Electronics & Communication,6.21,59.4,0,80.7,"Python, Django, PostgreSQL, Git",1
STU1128,Information Technology,7.39,73.2,0,69.1,"Python, Machine Learning, Pandas, Scikit-learn, SQL, PowerBI",1
STU1129,Artificial Intelligence & Data Science,6.45,60.4,0,90.1,"Python, Machine Learning, Pandas, Scikit-learn, SQL, PowerBI",1
STU1130,Electronics & Communication,6.44,58.4,0,81.0,"Java, Spring Boot, MySQL, REST APIs, Microservices, DSA",1
STU1131,Artificial Intelligence & Data Science,9.5,90.3,0,69.8,"C, C++, Embedded Systems, RTOS, Linux",1
STU1132,Electronics & Communication,6.68,62.5,0,59.7,"C, C++, Embedded Systems, RTOS, Linux",1
STU1133,Electronics & Communication,6.45,56.3,2,77.6,"Java, Spring Boot, MySQL, REST APIs, Microservices, DSA",0
STU1134,Computer Science & Engineering,7.14,66.0,0,59.9,"HTML, CSS, JavaScript, React, Node.js, Express, MongoDB",1
STU1135,Electronics & Communication,8.23,79.2,0,70.9,"Java, SQL, HTML, CSS, Problem Solving",1
STU1136,Artificial Intelligence & Data Science,5.56,53.9,1,58.7,"AWS, Python, Terraform, Docker, Kubernetes, CI/CD",0
STU1137,Computer Science & Engineering,8.03,76.8,0,30.0,"C, C++, Embedded Systems, RTOS, Linux",1
STU1138,Information Technology,7.69,71.2,0,76.9,"SQL, Excel, Tableau, Python, Data Analytics",1
STU1139,Computer Science & Engineering,5.57,58.5,0,45.4,"Java, SQL, HTML, CSS, Problem Solving",0
STU1140,Information Technology,6.45,60.5,0,82.1,"C, C++, Embedded Systems, RTOS, Linux",1
STU1141,Electronics & Communication,6.77,66.5,0,78.8,"Java, Spring Boot, MySQL, REST APIs, Microservices, DSA",1
STU1142,Electronics & Communication,5.0,50.0,0,76.1,"Java, Spring Boot, MySQL, REST APIs, Microservices, DSA",0
STU1143,Electronics & Communication,7.18,68.5,0,69.3,"Java, SQL, HTML, CSS, Problem Solving",1
STU1144,Electrical Engineering,7.5,70.9,0,84.3,"HTML, CSS, JavaScript, React, Node.js, Express, MongoDB",1
STU1145,Artificial Intelligence & Data Science,7.68,71.8,0,76.2,"Java, SQL, HTML, CSS, Problem Solving",1
STU1146,Electrical Engineering,7.83,73.5,0,72.1,"C++, Data Structures, Algorithms, System Design, Linux, Git",1
STU1147,Electrical Engineering,9.68,91.4,0,81.3,"Java, SQL, HTML, CSS, Problem Solving",1
STU1148,Electronics & Communication,5.16,50.0,1,41.8,"HTML, CSS, JavaScript, React, Node.js, Express, MongoDB",0
STU1149,Electrical Engineering,7.01,63.4,0,68.2,"SQL, Excel, Tableau, Python, Data Analytics",1
STU1150,Artificial Intelligence & Data Science,8.31,74.5,0,71.3,"Python, Django, PostgreSQL, Git",1
STU1151,Electrical Engineering,8.25,78.7,0,76.0,"Python, Machine Learning, Pandas, Scikit-learn, SQL, PowerBI",1
STU1152,Computer Science & Engineering,7.77,73.0,0,76.9,"C++, Data Structures, Algorithms, System Design, Linux, Git",1
STU1153,Electronics & Communication,9.9,93.1,0,73.7,"SQL, Excel, Tableau, Python, Data Analytics",1
STU1154,Electronics & Communication,8.31,77.2,0,69.0,"Python, Machine Learning, Pandas, Scikit-learn, SQL, PowerBI",1
STU1155,Information Technology,6.87,64.6,0,79.6,"Python, Machine Learning, Pandas, Scikit-learn, SQL, PowerBI",1
STU1156,Artificial Intelligence & Data Science,7.1,65.5,0,61.8,"Python, Machine Learning, Pandas, Scikit-learn, SQL, PowerBI",1
STU1157,Artificial Intelligence & Data Science,7.82,76.2,0,81.6,"Java, Spring Boot, MySQL, REST APIs, Microservices, DSA",1
STU1158,Information Technology,7.85,78.3,0,57.2,"SQL, Excel, Tableau, Python, Data Analytics",1
STU1159,Artificial Intelligence & Data Science,6.03,57.6,0,79.7,"Java, SQL, HTML, CSS, Problem Solving",1
STU1160,Computer Science & Engineering,8.12,77.0,0,71.9,"C++, Data Structures, Algorithms, System Design, Linux, Git",1
STU1161,Artificial Intelligence & Data Science,6.16,58.1,2,68.7,"Java, Spring Boot, MySQL, REST APIs, Microservices, DSA",0
STU1162,Artificial Intelligence & Data Science,7.52,72.9,0,74.7,"C, C++, Embedded Systems, RTOS, Linux",1
STU1163,Computer Science & Engineering,7.65,73.2,0,52.0,"Python, Machine Learning, Pandas, Scikit-learn, SQL, PowerBI",1
STU1164,Electrical Engineering,9.15,85.9,0,54.1,"Python, Django, PostgreSQL, Git",1
STU1165,Artificial Intelligence & Data Science,7.26,74.0,5,75.3,"AWS, Python, Terraform, Docker, Kubernetes, CI/CD",0
STU1166,Artificial Intelligence & Data Science,7.23,67.8,0,53.8,"C, C++, Embedded Systems, RTOS, Linux",1
STU1167,Artificial Intelligence & Data Science,5.58,52.6,1,76.8,"C, C++, Embedded Systems, RTOS, Linux",0
STU1168,Artificial Intelligence & Data Science,7.03,70.1,2,64.4,"Python, Django, PostgreSQL, Git",0
STU1169,Electronics & Communication,5.75,54.6,0,49.5,"Python, Machine Learning, Pandas, Scikit-learn, SQL, PowerBI",0
STU1170,Artificial Intelligence & Data Science,7.15,69.3,1,93.9,"C, C++, Embedded Systems, RTOS, Linux",1
STU1171,Artificial Intelligence & Data Science,8.64,80.0,0,75.2,"HTML, CSS, JavaScript, React, Node.js, Express, MongoDB",1
STU1172,Information Technology,7.1,65.2,0,99.0,"HTML, CSS, JavaScript, React, Node.js, Express, MongoDB",1
STU1173,Electrical Engineering,7.47,69.4,0,77.4,"AWS, Python, Terraform, Docker, Kubernetes, CI/CD",1
STU1174,Information Technology,6.77,63.2,0,67.5,"C++, Data Structures, Algorithms, System Design, Linux, Git",1
STU1175,Information Technology,6.8,67.4,0,30.8,"C++, Data Structures, Algorithms, System Design, Linux, Git",1
STU1176,Electronics & Communication,8.77,79.2,0,63.2,"Java, SQL, HTML, CSS, Problem Solving",1
STU1177,Computer Science & Engineering,6.99,66.1,0,75.4,"Java, SQL, HTML, CSS, Problem Solving",1
STU1178,Artificial Intelligence & Data Science,6.18,62.2,0,81.1,"Java, SQL, HTML, CSS, Problem Solving",1
STU1179,Computer Science & Engineering,8.8,82.2,2,57.8,"SQL, Excel, Tableau, Python, Data Analytics",0
STU1180,Artificial Intelligence & Data Science,6.82,65.8,1,50.9,"SQL, Excel, Tableau, Python, Data Analytics",1
STU1181,Electronics & Communication,8.18,79.3,0,54.8,"AWS, Python, Terraform, Docker, Kubernetes, CI/CD",1
STU1182,Electrical Engineering,7.0,68.8,1,52.9,"Java, SQL, HTML, CSS, Problem Solving",1
STU1183,Electrical Engineering,8.08,73.4,1,92.7,"C, C++, Embedded Systems, RTOS, Linux",1
STU1184,Information Technology,6.83,67.0,2,58.1,"Python, Django, PostgreSQL, Git",0
STU1185,Computer Science & Engineering,5.85,57.1,0,48.2,"Python, Django, PostgreSQL, Git",0
STU1186,Information Technology,5.11,51.9,0,71.0,"Java, SQL, HTML, CSS, Problem Solving",0
STU1187,Electrical Engineering,7.29,71.2,1,67.6,"C++, Data Structures, Algorithms, System Design, Linux, Git",1
STU1188,Electrical Engineering,7.0,66.4,0,72.3,"Java, SQL, HTML, CSS, Problem Solving",1
STU1189,Computer Science & Engineering,5.52,51.2,0,62.1,"Python, SQL, React, Data Structures, Git, Docker",0
STU1190,Artificial Intelligence & Data Science,7.42,71.2,0,60.4,"C++, Data Structures, Algorithms, System Design, Linux, Git",1
STU1191,Artificial Intelligence & Data Science,6.54,58.9,0,75.7,"HTML, CSS, JavaScript, React, Node.js, Express, MongoDB",1
STU1192,Electronics & Communication,8.53,82.0,0,71.6,"Python, Django, PostgreSQL, Git",1
STU1193,Electronics & Communication,8.48,78.6,0,75.1,"Java, SQL, HTML, CSS, Problem Solving",1
STU1194,Electronics & Communication,5.38,50.0,1,59.3,"Java, SQL, HTML, CSS, Problem Solving",0
STU1195,Computer Science & Engineering,7.43,69.9,1,70.8,"Python, Django, PostgreSQL, Git",1
STU1196,Electronics & Communication,6.73,61.1,1,55.1,"Python, SQL, React, Data Structures, Git, Docker",1
STU1197,Computer Science & Engineering,5.91,57.3,0,43.4,"Java, Spring Boot, MySQL, REST APIs, Microservices, DSA",0
STU1198,Information Technology,7.94,75.8,1,56.0,"Python, Machine Learning, Pandas, Scikit-learn, SQL, PowerBI",1
STU1199,Information Technology,8.17,78.8,1,46.7,"SQL, Excel, Tableau, Python, Data Analytics",1
STU1200,Computer Science & Engineering,9.95,94.3,0,84.1,"Python, Django, PostgreSQL, Git",1
STU1201,Artificial Intelligence & Data Science,6.63,63.3,0,63.3,"Python, Machine Learning, Pandas, Scikit-learn, SQL, PowerBI",1
STU1202,Information Technology,6.71,67.4,0,77.9,"AWS, Python, Terraform, Docker, Kubernetes, CI/CD",1
STU1203,Information Technology,6.78,62.2,0,81.0,"Java, Spring Boot, MySQL, REST APIs, Microservices, DSA",1
STU1204,Computer Science & Engineering,6.6,62.2,3,67.0,"SQL, Excel, Tableau, Python, Data Analytics",0
STU1205,Artificial Intelligence & Data Science,8.08,78.9,2,69.7,"SQL, Excel, Tableau, Python, Data Analytics",0
STU1206,Computer Science & Engineering,8.02,78.4,0,79.7,"Python, Machine Learning, Pandas, Scikit-learn, SQL, PowerBI",1
STU1207,Computer Science & Engineering,7.91,72.1,0,67.2,"Python, Machine Learning, Pandas, Scikit-learn, SQL, PowerBI",0
STU1208,Electrical Engineering,7.87,75.2,0,71.8,"HTML, CSS, JavaScript, React, Node.js, Express, MongoDB",1
STU1209,Computer Science & Engineering,6.0,57.9,1,65.0,"SQL, Excel, Tableau, Python, Data Analytics",0
STU1210,Electronics & Communication,7.36,71.3,0,68.4,"Java, SQL, HTML, CSS, Problem Solving",1
STU1211,Computer Science & Engineering,7.43,67.8,0,75.0,"AWS, Python, Terraform, Docker, Kubernetes, CI/CD",1
STU1212,Computer Science & Engineering,7.64,71.6,1,85.6,"Python, Django, PostgreSQL, Git",1
STU1213,Artificial Intelligence & Data Science,6.42,61.8,0,41.0,"AWS, Python, Terraform, Docker, Kubernetes, CI/CD",1
STU1214,Information Technology,8.54,78.2,0,71.7,"Java, SQL, HTML, CSS, Problem Solving",1
STU1215,Electrical Engineering,8.38,81.0,1,68.7,"HTML, CSS, JavaScript, React, Node.js, Express, MongoDB",1
STU1216,Artificial Intelligence & Data Science,6.83,67.7,1,99.0,"C, C++, Embedded Systems, RTOS, Linux",0
STU1217,Electronics & Communication,7.0,63.1,0,43.4,"SQL, Excel, Tableau, Python, Data Analytics",1
STU1218,Computer Science & Engineering,6.94,65.4,0,49.2,"Python, Machine Learning, Pandas, Scikit-learn, SQL, PowerBI",1
STU1219,Information Technology,6.39,56.8,0,51.1,"Python, Django, PostgreSQL, Git",1
STU1220,Electrical Engineering,8.48,80.1,1,67.3,"SQL, Excel, Tableau, Python, Data Analytics",1
STU1221,Computer Science & Engineering,8.14,79.7,0,90.7,"AWS, Python, Terraform, Docker, Kubernetes, CI/CD",1
STU1222,Information Technology,6.7,62.6,0,59.3,"AWS, Python, Terraform, Docker, Kubernetes, CI/CD",1
STU1223,Electronics & Communication,6.79,63.5,0,65.6,"AWS, Python, Terraform, Docker, Kubernetes, CI/CD",1
STU1224,Electronics & Communication,8.96,84.0,0,56.3,"SQL, Excel, Tableau, Python, Data Analytics",1
STU1225,Information Technology,7.92,73.8,0,58.1,"C, C++, Embedded Systems, RTOS, Linux",1
STU1226,Artificial Intelligence & Data Science,9.1,90.0,0,59.4,"Java, SQL, HTML, CSS, Problem Solving",1
STU1227,Artificial Intelligence & Data Science,6.97,67.3,0,83.2,"Python, Machine Learning, Pandas, Scikit-learn, SQL, PowerBI",1
STU1228,Artificial Intelligence & Data Science,7.21,66.9,0,48.7,"Python, Django, PostgreSQL, Git",1
STU1229,Electronics & Communication,6.6,61.0,1,67.9,"Java, Spring Boot, MySQL, REST APIs, Microservices, DSA",1
STU1230,Electronics & Communication,6.83,65.3,0,67.8,"Python, Machine Learning, Pandas, Scikit-learn, SQL, PowerBI",1
STU1231,Artificial Intelligence & Data Science,8.71,85.2,0,72.8,"AWS, Python, Terraform, Docker, Kubernetes, CI/CD",1
STU1232,Artificial Intelligence & Data Science,8.15,81.1,0,76.2,"AWS, Python, Terraform, Docker, Kubernetes, CI/CD",1
STU1233,Electronics & Communication,7.0,68.4,5,73.9,"AWS, Python, Terraform, Docker, Kubernetes, CI/CD",0
STU1234,Electronics & Communication,8.3,79.9,0,82.9,"HTML, CSS, JavaScript, React, Node.js, Express, MongoDB",1
STU1235,Information Technology,8.69,81.3,0,74.7,"Java, Spring Boot, MySQL, REST APIs, Microservices, DSA",1
STU1236,Information Technology,7.22,68.9,0,84.9,"C, C++, Embedded Systems, RTOS, Linux",1
STU1237,Electronics & Communication,6.5,62.6,0,73.6,"Python, Django, PostgreSQL, Git",1
STU1238,Electrical Engineering,7.61,72.4,1,49.0,"C, C++, Embedded Systems, RTOS, Linux",1
STU1239,Information Technology,8.22,81.1,0,71.0,"Java, Spring Boot, MySQL, REST APIs, Microservices, DSA",1
STU1240,Information Technology,7.67,76.0,0,66.7,"AWS, Python, Terraform, Docker, Kubernetes, CI/CD",1
STU1241,Information Technology,7.71,73.6,0,73.7,"C, C++, Embedded Systems, RTOS, Linux",1
STU1242,Electrical Engineering,8.58,79.5,0,69.9,"Python, SQL, React, Data Structures, Git, Docker",1
STU1243,Artificial Intelligence & Data Science,6.63,62.0,0,69.8,"C++, Data Structures, Algorithms, System Design, Linux, Git",1
STU1244,Electrical Engineering,6.79,65.3,0,89.9,"Python, SQL, React, Data Structures, Git, Docker",1
STU1245,Artificial Intelligence & Data Science,7.33,66.2,0,62.3,"Python, Django, PostgreSQL, Git",0
STU1246,Electronics & Communication,5.81,50.8,0,74.2,"Python, SQL, React, Data Structures, Git, Docker",0
STU1247,Computer Science & Engineering,6.85,67.3,2,86.3,"Python, Django, PostgreSQL, Git",0
STU1248,Artificial Intelligence & Data Science,8.12,76.9,1,93.9,"Java, SQL, HTML, CSS, Problem Solving",1
STU1249,Information Technology,6.22,60.9,0,65.1,"Python, SQL, React, Data Structures, Git, Docker",1
STU1250,Electronics & Communication,6.02,60.1,0,66.8,"SQL, Excel, Tableau, Python, Data Analytics",0
STU1251,Computer Science & Engineering,8.63,82.5,0,64.8,"Python, Machine Learning, Pandas, Scikit-learn, SQL, PowerBI",1
STU1252,Electrical Engineering,8.03,77.2,0,77.0,"Java, SQL, HTML, CSS, Problem Solving",1
STU1253,Information Technology,8.86,86.7,0,74.9,"SQL, Excel, Tableau, Python, Data Analytics",1
STU1254,Artificial Intelligence & Data Science,6.66,66.9,1,67.4,"Java, SQL, HTML, CSS, Problem Solving",1
STU1255,Electrical Engineering,5.83,52.2,2,75.9,"HTML, CSS, JavaScript, React, Node.js, Express, MongoDB",0
STU1256,Electrical Engineering,6.91,61.9,4,61.7,"SQL, Excel, Tableau, Python, Data Analytics",0
STU1257,Information Technology,5.0,50.0,0,52.7,"Java, Spring Boot, MySQL, REST APIs, Microservices, DSA",0
STU1258,Computer Science & Engineering,6.34,60.1,0,67.9,"HTML, CSS, JavaScript, React, Node.js, Express, MongoDB",1
STU1259,Electrical Engineering,6.13,59.3,0,92.9,"C++, Data Structures, Algorithms, System Design, Linux, Git",1
STU1260,Artificial Intelligence & Data Science,7.63,68.4,0,64.5,"Python, SQL, React, Data Structures, Git, Docker",1
STU1261,Artificial Intelligence & Data Science,6.65,62.8,0,57.8,"SQL, Excel, Tableau, Python, Data Analytics",1
STU1262,Electronics & Communication,9.38,90.4,0,60.0,"Python, Machine Learning, Pandas, Scikit-learn, SQL, PowerBI",1
STU1263,Computer Science & Engineering,8.03,76.8,0,56.8,"Python, Django, PostgreSQL, Git",1
STU1264,Electrical Engineering,7.47,69.7,0,77.8,"HTML, CSS, JavaScript, React, Node.js, Express, MongoDB",1
STU1265,Artificial Intelligence & Data Science,7.83,73.2,0,83.2,"Python, Machine Learning, Pandas, Scikit-learn, SQL, PowerBI",1
STU1266,Information Technology,8.85,84.5,0,97.1,"Python, Machine Learning, Pandas, Scikit-learn, SQL, PowerBI",1
STU1267,Computer Science & Engineering,6.64,62.3,2,70.9,"C++, Data Structures, Algorithms, System Design, Linux, Git",0
STU1268,Electrical Engineering,6.68,62.5,0,63.5,"HTML, CSS, JavaScript, React, Node.js, Express, MongoDB",0
STU1269,Electronics & Communication,7.87,72.7,1,60.6,"SQL, Excel, Tableau, Python, Data Analytics",1
STU1270,Electronics & Communication,7.37,74.3,0,92.2,"Python, Django, PostgreSQL, Git",1
STU1271,Electrical Engineering,7.88,72.6,0,75.9,"HTML, CSS, JavaScript, React, Node.js, Express, MongoDB",1
STU1272,Computer Science & Engineering,7.12,64.3,0,73.6,"Python, Django, PostgreSQL, Git",1
STU1273,Electronics & Communication,8.11,73.3,0,55.4,"Java, SQL, HTML, CSS, Problem Solving",1
STU1274,Computer Science & Engineering,7.65,74.8,0,91.6,"Python, SQL, React, Data Structures, Git, Docker",1
STU1275,Electrical Engineering,6.9,62.3,0,60.0,"SQL, Excel, Tableau, Python, Data Analytics",1
STU1276,Electrical Engineering,9.02,88.5,2,59.2,"HTML, CSS, JavaScript, React, Node.js, Express, MongoDB",0
STU1277,Artificial Intelligence & Data Science,7.84,75.1,0,63.9,"C++, Data Structures, Algorithms, System Design, Linux, Git",1
STU1278,Electronics & Communication,8.0,75.3,0,78.8,"Python, Django, PostgreSQL, Git",1
STU1279,Artificial Intelligence & Data Science,5.0,50.0,0,72.5,"SQL, Excel, Tableau, Python, Data Analytics",0
STU1280,Computer Science & Engineering,5.98,59.1,0,61.5,"Python, Django, PostgreSQL, Git",0
STU1281,Electronics & Communication,7.78,70.8,0,64.2,"Java, SQL, HTML, CSS, Problem Solving",1
STU1282,Information Technology,7.48,68.5,0,81.9,"Java, Spring Boot, MySQL, REST APIs, Microservices, DSA",1
STU1283,Electronics & Communication,6.86,66.5,0,48.5,"Python, Django, PostgreSQL, Git",1
STU1284,Electrical Engineering,7.02,66.0,0,63.5,"Java, SQL, HTML, CSS, Problem Solving",1
STU1285,Electronics & Communication,9.68,92.7,0,86.2,"Java, Spring Boot, MySQL, REST APIs, Microservices, DSA",1
STU1286,Artificial Intelligence & Data Science,7.12,67.2,0,67.0,"Java, Spring Boot, MySQL, REST APIs, Microservices, DSA",1
STU1287,Electrical Engineering,7.36,69.7,1,53.5,"Python, SQL, React, Data Structures, Git, Docker",0
STU1288,Information Technology,7.49,67.2,0,80.8,"Python, SQL, React, Data Structures, Git, Docker",1
STU1289,Artificial Intelligence & Data Science,7.78,69.7,0,99.0,"SQL, Excel, Tableau, Python, Data Analytics",1
STU1290,Information Technology,8.62,79.8,0,76.6,"Python, SQL, React, Data Structures, Git, Docker",1
STU1291,Electronics & Communication,6.24,59.8,0,58.9,"C++, Data Structures, Algorithms, System Design, Linux, Git",1
STU1292,Computer Science & Engineering,7.19,68.7,0,80.2,"Python, Django, PostgreSQL, Git",1
STU1293,Information Technology,7.95,75.5,0,96.0,"SQL, Excel, Tableau, Python, Data Analytics",1
STU1294,Electrical Engineering,7.62,74.5,0,83.5,"HTML, CSS, JavaScript, React, Node.js, Express, MongoDB",1
STU1295,Computer Science & Engineering,8.71,80.6,0,90.8,"Java, SQL, HTML, CSS, Problem Solving",1
STU1296,Artificial Intelligence & Data Science,7.73,71.9,0,67.1,"Java, Spring Boot, MySQL, REST APIs, Microservices, DSA",1
STU1297,Artificial Intelligence & Data Science,7.76,74.4,2,88.1,"C++, Data Structures, Algorithms, System Design, Linux, Git",0
STU1298,Electrical Engineering,7.13,69.7,2,84.7,"HTML, CSS, JavaScript, React, Node.js, Express, MongoDB",0
STU1299,Artificial Intelligence & Data Science,6.05,58.9,0,76.9,"Java, SQL, HTML, CSS, Problem Solving",1
STU1300,Electrical Engineering,7.23,68.9,3,65.6,"Python, Django, PostgreSQL, Git",0
STU1301,Electrical Engineering,7.42,67.9,0,45.0,"Python, Machine Learning, Pandas, Scikit-learn, SQL, PowerBI",1
STU1302,Computer Science & Engineering,6.31,55.6,0,59.1,"C++, Data Structures, Algorithms, System Design, Linux, Git",1
STU1303,Electronics & Communication,5.94,56.8,0,58.2,"Java, SQL, HTML, CSS, Problem Solving",0
STU1304,Electronics & Communication,6.64,67.6,2,81.7,"C, C++, Embedded Systems, RTOS, Linux",0
STU1305,Electronics & Communication,7.04,66.0,1,67.7,"HTML, CSS, JavaScript, React, Node.js, Express, MongoDB",1
STU1306,Artificial Intelligence & Data Science,5.87,52.5,1,82.3,"SQL, Excel, Tableau, Python, Data Analytics",0
STU1307,Electrical Engineering,9.95,95.9,1,76.1,"Python, Django, PostgreSQL, Git",1
STU1308,Electrical Engineering,8.23,78.7,0,69.5,"AWS, Python, Terraform, Docker, Kubernetes, CI/CD",1
STU1309,Artificial Intelligence & Data Science,7.33,69.3,1,75.7,"Java, SQL, HTML, CSS, Problem Solving",1
STU1310,Information Technology,5.54,52.4,2,54.2,"Python, Machine Learning, Pandas, Scikit-learn, SQL, PowerBI",0
STU1311,Artificial Intelligence & Data Science,6.19,55.0,0,73.6,"Python, Machine Learning, Pandas, Scikit-learn, SQL, PowerBI",1
STU1312,Artificial Intelligence & Data Science,6.31,61.8,0,54.2,"Python, Django, PostgreSQL, Git",1
STU1313,Artificial Intelligence & Data Science,7.15,66.0,0,75.7,"C++, Data Structures, Algorithms, System Design, Linux, Git",1
STU1314,Electrical Engineering,6.74,64.7,3,45.7,"C, C++, Embedded Systems, RTOS, Linux",0
STU1315,Artificial Intelligence & Data Science,7.88,77.7,0,66.9,"Java, Spring Boot, MySQL, REST APIs, Microservices, DSA",1
STU1316,Computer Science & Engineering,7.54,70.8,0,69.7,"Python, Django, PostgreSQL, Git",1
STU1317,Information Technology,8.0,75.4,1,73.6,"Java, SQL, HTML, CSS, Problem Solving",1
STU1318,Electronics & Communication,5.86,59.2,0,50.6,"HTML, CSS, JavaScript, React, Node.js, Express, MongoDB",0
STU1319,Computer Science & Engineering,6.64,64.7,0,60.2,"Java, SQL, HTML, CSS, Problem Solving",1
STU1320,Artificial Intelligence & Data Science,6.66,63.8,1,56.3,"C, C++, Embedded Systems, RTOS, Linux",1
STU1321,Electrical Engineering,9.76,93.8,2,57.7,"Python, Django, PostgreSQL, Git",0
STU1322,Information Technology,7.2,68.1,0,68.6,"Java, Spring Boot, MySQL, REST APIs, Microservices, DSA",1
STU1323,Information Technology,7.24,65.7,0,71.7,"HTML, CSS, JavaScript, React, Node.js, Express, MongoDB",1
STU1324,Computer Science & Engineering,7.3,74.5,1,56.7,"Java, SQL, HTML, CSS, Problem Solving",1
STU1325,Artificial Intelligence & Data Science,9.2,89.4,1,83.5,"Java, Spring Boot, MySQL, REST APIs, Microservices, DSA",0
STU1326,Computer Science & Engineering,8.03,79.5,0,62.7,"HTML, CSS, JavaScript, React, Node.js, Express, MongoDB",1
STU1327,Electronics & Communication,7.18,66.0,0,58.0,"Python, SQL, React, Data Structures, Git, Docker",1
STU1328,Information Technology,7.44,69.1,0,71.3,"Java, SQL, HTML, CSS, Problem Solving",1
STU1329,Electrical Engineering,5.69,55.0,0,97.6,"Java, SQL, HTML, CSS, Problem Solving",0
STU1330,Information Technology,8.75,80.7,0,91.4,"C++, Data Structures, Algorithms, System Design, Linux, Git",1
STU1331,Artificial Intelligence & Data Science,7.86,74.9,0,58.5,"SQL, Excel, Tableau, Python, Data Analytics",1
STU1332,Artificial Intelligence & Data Science,7.99,74.1,0,70.4,"Python, Machine Learning, Pandas, Scikit-learn, SQL, PowerBI",1
STU1333,Information Technology,5.84,58.6,2,63.7,"C++, Data Structures, Algorithms, System Design, Linux, Git",0
STU1334,Artificial Intelligence & Data Science,8.6,82.9,0,52.7,"HTML, CSS, JavaScript, React, Node.js, Express, MongoDB",0
STU1335,Artificial Intelligence & Data Science,7.05,67.1,0,78.9,"Python, SQL, React, Data Structures, Git, Docker",1
STU1336,Information Technology,9.95,95.3,2,70.7,"C, C++, Embedded Systems, RTOS, Linux",0
STU1337,Electrical Engineering,7.06,68.1,0,76.2,"AWS, Python, Terraform, Docker, Kubernetes, CI/CD",1
STU1338,Electronics & Communication,6.54,59.5,0,42.3,"Java, SQL, HTML, CSS, Problem Solving",1
STU1339,Information Technology,7.96,79.9,0,52.2,"HTML, CSS, JavaScript, React, Node.js, Express, MongoDB",1
STU1340,Information Technology,7.39,71.9,4,69.1,"Java, Spring Boot, MySQL, REST APIs, Microservices, DSA",0
STU1341,Electrical Engineering,7.29,70.4,0,76.4,"AWS, Python, Terraform, Docker, Kubernetes, CI/CD",1
STU1342,Computer Science & Engineering,7.21,67.0,0,75.5,"HTML, CSS, JavaScript, React, Node.js, Express, MongoDB",1
STU1343,Electronics & Communication,6.41,61.0,5,70.4,"Java, SQL, HTML, CSS, Problem Solving",0
STU1344,Electrical Engineering,7.37,71.7,0,87.5,"Python, SQL, React, Data Structures, Git, Docker",1
STU1345,Information Technology,8.01,71.0,1,68.9,"HTML, CSS, JavaScript, React, Node.js, Express, MongoDB",1
STU1346,Information Technology,6.73,63.6,0,68.8,"AWS, Python, Terraform, Docker, Kubernetes, CI/CD",1
STU1347,Electronics & Communication,7.98,72.2,0,58.9,"SQL, Excel, Tableau, Python, Data Analytics",1
STU1348,Computer Science & Engineering,6.37,60.2,0,51.1,"C++, Data Structures, Algorithms, System Design, Linux, Git",1
STU1349,Electronics & Communication,8.06,74.6,2,73.8,"Python, SQL, React, Data Structures, Git, Docker",0
STU1350,Electrical Engineering,7.17,71.1,1,70.1,"Python, SQL, React, Data Structures, Git, Docker",0
STU1351,Computer Science & Engineering,7.03,65.7,0,62.2,"C++, Data Structures, Algorithms, System Design, Linux, Git",1
STU1352,Artificial Intelligence & Data Science,6.73,63.3,2,62.6,"AWS, Python, Terraform, Docker, Kubernetes, CI/CD",0
STU1353,Electrical Engineering,7.59,69.0,0,80.8,"C++, Data Structures, Algorithms, System Design, Linux, Git",1
STU1354,Electrical Engineering,5.0,50.0,1,48.9,"AWS, Python, Terraform, Docker, Kubernetes, CI/CD",0
STU1355,Information Technology,7.15,70.3,0,63.6,"HTML, CSS, JavaScript, React, Node.js, Express, MongoDB",1
STU1356,Electronics & Communication,6.77,59.1,0,60.4,"Python, Django, PostgreSQL, Git",1
STU1357,Computer Science & Engineering,7.83,72.4,1,67.6,"AWS, Python, Terraform, Docker, Kubernetes, CI/CD",1
STU1358,Information Technology,8.72,82.5,0,67.6,"Java, Spring Boot, MySQL, REST APIs, Microservices, DSA",1
STU1359,Artificial Intelligence & Data Science,6.37,62.9,1,55.9,"Python, Machine Learning, Pandas, Scikit-learn, SQL, PowerBI",1
STU1360,Computer Science & Engineering,5.89,52.7,5,88.6,"AWS, Python, Terraform, Docker, Kubernetes, CI/CD",0
STU1361,Electronics & Communication,7.17,70.4,1,52.3,"Python, SQL, React, Data Structures, Git, Docker",1
STU1362,Electronics & Communication,8.15,76.4,0,98.2,"Python, Django, PostgreSQL, Git",1
STU1363,Electrical Engineering,6.73,64.5,0,79.2,"HTML, CSS, JavaScript, React, Node.js, Express, MongoDB",1
STU1364,Computer Science & Engineering,7.44,69.2,0,74.4,"AWS, Python, Terraform, Docker, Kubernetes, CI/CD",1
STU1365,Computer Science & Engineering,6.65,62.7,0,69.3,"Python, Django, PostgreSQL, Git",1
STU1366,Electronics & Communication,7.0,66.9,0,49.1,"C, C++, Embedded Systems, RTOS, Linux",1
STU1367,Computer Science & Engineering,6.33,61.5,2,84.2,"Python, Machine Learning, Pandas, Scikit-learn, SQL, PowerBI",0
STU1368,Electronics & Communication,8.7,84.1,0,81.9,"Python, Django, PostgreSQL, Git",1
STU1369,Information Technology,6.57,59.9,0,61.0,"Java, Spring Boot, MySQL, REST APIs, Microservices, DSA",1
STU1370,Electronics & Communication,8.86,85.3,0,74.4,"Python, SQL, React, Data Structures, Git, Docker",1
STU1371,Information Technology,9.78,95.8,3,93.2,"Java, Spring Boot, MySQL, REST APIs, Microservices, DSA",0
STU1372,Artificial Intelligence & Data Science,7.99,78.1,2,62.9,"C++, Data Structures, Algorithms, System Design, Linux, Git",0
STU1373,Artificial Intelligence & Data Science,6.48,60.4,0,50.1,"C, C++, Embedded Systems, RTOS, Linux",1
STU1374,Artificial Intelligence & Data Science,9.66,89.6,0,64.9,"C++, Data Structures, Algorithms, System Design, Linux, Git",1
STU1375,Electrical Engineering,7.1,64.8,0,80.8,"Python, Django, PostgreSQL, Git",1
STU1376,Computer Science & Engineering,7.22,69.2,0,64.5,"HTML, CSS, JavaScript, React, Node.js, Express, MongoDB",1
STU1377,Artificial Intelligence & Data Science,9.17,88.9,0,78.3,"Python, Machine Learning, Pandas, Scikit-learn, SQL, PowerBI",1
STU1378,Electronics & Communication,7.6,69.6,0,73.6,"Python, Machine Learning, Pandas, Scikit-learn, SQL, PowerBI",1
STU1379,Electrical Engineering,6.68,63.5,0,47.1,"AWS, Python, Terraform, Docker, Kubernetes, CI/CD",1
STU1380,Computer Science & Engineering,7.74,76.9,2,71.4,"AWS, Python, Terraform, Docker, Kubernetes, CI/CD",0
STU1381,Computer Science & Engineering,9.95,98.0,0,76.7,"Python, Machine Learning, Pandas, Scikit-learn, SQL, PowerBI",1
STU1382,Computer Science & Engineering,8.82,85.1,2,66.1,"Python, Django, PostgreSQL, Git",0
STU1383,Computer Science & Engineering,6.05,59.1,0,55.0,"SQL, Excel, Tableau, Python, Data Analytics",0
STU1384,Information Technology,7.17,66.4,0,59.9,"AWS, Python, Terraform, Docker, Kubernetes, CI/CD",1
STU1385,Computer Science & Engineering,8.05,77.9,5,88.3,"Python, Machine Learning, Pandas, Scikit-learn, SQL, PowerBI",0
STU1386,Information Technology,8.72,81.6,1,66.1,"C, C++, Embedded Systems, RTOS, Linux",1
STU1387,Electronics & Communication,7.42,67.6,0,52.5,"Python, Machine Learning, Pandas, Scikit-learn, SQL, PowerBI",1
STU1388,Computer Science & Engineering,8.19,77.1,1,92.2,"SQL, Excel, Tableau, Python, Data Analytics",1
STU1389,Information Technology,6.96,62.7,0,88.4,"C++, Data Structures, Algorithms, System Design, Linux, Git",1
STU1390,Computer Science & Engineering,5.72,56.9,0,60.3,"C++, Data Structures, Algorithms, System Design, Linux, Git",0
STU1391,Information Technology,9.95,94.8,0,58.4,"Python, SQL, React, Data Structures, Git, Docker",1
STU1392,Electrical Engineering,9.67,94.3,0,82.3,"Python, Machine Learning, Pandas, Scikit-learn, SQL, PowerBI",1
STU1393,Electronics & Communication,8.05,76.5,0,86.4,"C++, Data Structures, Algorithms, System Design, Linux, Git",1
STU1394,Electrical Engineering,7.21,67.6,0,77.7,"Java, SQL, HTML, CSS, Problem Solving",1
STU1395,Artificial Intelligence & Data Science,8.45,74.7,0,79.2,"Java, Spring Boot, MySQL, REST APIs, Microservices, DSA",1
STU1396,Electrical Engineering,6.61,59.1,0,66.8,"AWS, Python, Terraform, Docker, Kubernetes, CI/CD",1
STU1397,Electrical Engineering,7.27,69.4,0,76.1,"Python, Django, PostgreSQL, Git",1
STU1398,Computer Science & Engineering,8.74,84.2,0,64.8,"SQL, Excel, Tableau, Python, Data Analytics",1
STU1399,Electronics & Communication,6.34,62.6,1,40.9,"C, C++, Embedded Systems, RTOS, Linux",0
STU1400,Computer Science & Engineering,6.86,62.9,0,70.0,"Python, SQL, React, Data Structures, Git, Docker",1
STU1401,Computer Science & Engineering,5.45,53.8,4,65.3,"Java, SQL, HTML, CSS, Problem Solving",0
STU1402,Computer Science & Engineering,7.96,74.6,0,51.6,"Python, Django, PostgreSQL, Git",1
STU1403,Electrical Engineering,5.0,50.0,2,62.7,"AWS, Python, Terraform, Docker, Kubernetes, CI/CD",0
STU1404,Electronics & Communication,9.23,86.8,0,59.6,"C++, Data Structures, Algorithms, System Design, Linux, Git",1
STU1405,Electrical Engineering,7.92,76.0,0,60.0,"SQL, Excel, Tableau, Python, Data Analytics",1
STU1406,Electrical Engineering,7.29,68.8,0,55.7,"Java, SQL, HTML, CSS, Problem Solving",1
STU1407,Electrical Engineering,6.49,60.0,0,55.1,"Python, Django, PostgreSQL, Git",1
STU1408,Computer Science & Engineering,9.04,85.3,0,67.7,"Java, Spring Boot, MySQL, REST APIs, Microservices, DSA",1
STU1409,Information Technology,6.58,62.7,1,52.2,"C, C++, Embedded Systems, RTOS, Linux",1
STU1410,Artificial Intelligence & Data Science,8.21,77.4,0,68.9,"Python, Machine Learning, Pandas, Scikit-learn, SQL, PowerBI",1
STU1411,Artificial Intelligence & Data Science,7.97,75.5,0,59.5,"Python, Django, PostgreSQL, Git",1
STU1412,Electronics & Communication,8.27,76.1,0,72.1,"Java, Spring Boot, MySQL, REST APIs, Microservices, DSA",1
STU1413,Electronics & Communication,5.91,56.3,0,72.9,"HTML, CSS, JavaScript, React, Node.js, Express, MongoDB",0
STU1414,Computer Science & Engineering,6.59,61.0,2,70.8,"Python, Django, PostgreSQL, Git",0
STU1415,Computer Science & Engineering,8.66,81.7,0,70.1,"Java, Spring Boot, MySQL, REST APIs, Microservices, DSA",1
STU1416,Information Technology,6.49,61.8,0,53.0,"AWS, Python, Terraform, Docker, Kubernetes, CI/CD",1
STU1417,Electrical Engineering,5.0,50.0,0,96.1,"SQL, Excel, Tableau, Python, Data Analytics",0
STU1418,Artificial Intelligence & Data Science,8.08,80.9,0,68.3,"Java, Spring Boot, MySQL, REST APIs, Microservices, DSA",1
STU1419,Computer Science & Engineering,6.6,61.4,0,67.2,"Java, SQL, HTML, CSS, Problem Solving",1
STU1420,Electronics & Communication,6.69,62.0,5,61.2,"HTML, CSS, JavaScript, React, Node.js, Express, MongoDB",0
STU1421,Information Technology,6.35,57.4,0,69.3,"C, C++, Embedded Systems, RTOS, Linux",1
STU1422,Information Technology,7.08,64.1,0,80.4,"Python, Django, PostgreSQL, Git",1
STU1423,Electrical Engineering,7.31,67.5,1,67.9,"AWS, Python, Terraform, Docker, Kubernetes, CI/CD",1
STU1424,Electrical Engineering,6.93,68.1,0,69.6,"HTML, CSS, JavaScript, React, Node.js, Express, MongoDB",1
STU1425,Electrical Engineering,5.82,56.0,0,87.2,"Java, SQL, HTML, CSS, Problem Solving",0
STU1426,Electrical Engineering,6.91,68.2,5,68.9,"SQL, Excel, Tableau, Python, Data Analytics",0
STU1427,Computer Science & Engineering,8.34,81.2,0,77.2,"HTML, CSS, JavaScript, React, Node.js, Express, MongoDB",1
STU1428,Electronics & Communication,7.03,66.0,0,54.6,"HTML, CSS, JavaScript, React, Node.js, Express, MongoDB",1
STU1429,Information Technology,7.87,73.3,0,70.9,"C++, Data Structures, Algorithms, System Design, Linux, Git",1
STU1430,Computer Science & Engineering,7.43,73.4,0,66.9,"Java, SQL, HTML, CSS, Problem Solving",0
STU1431,Computer Science & Engineering,7.9,77.3,0,88.1,"Python, SQL, React, Data Structures, Git, Docker",1
STU1432,Artificial Intelligence & Data Science,7.19,70.3,1,84.6,"Python, Machine Learning, Pandas, Scikit-learn, SQL, PowerBI",1
STU1433,Information Technology,9.95,92.9,0,76.4,"AWS, Python, Terraform, Docker, Kubernetes, CI/CD",1
STU1434,Electrical Engineering,7.59,74.7,0,53.9,"AWS, Python, Terraform, Docker, Kubernetes, CI/CD",1
STU1435,Information Technology,8.65,81.8,0,86.3,"Python, SQL, React, Data Structures, Git, Docker",1
STU1436,Computer Science & Engineering,8.83,83.8,0,54.0,"SQL, Excel, Tableau, Python, Data Analytics",1
STU1437,Artificial Intelligence & Data Science,6.84,63.8,0,62.3,"HTML, CSS, JavaScript, React, Node.js, Express, MongoDB",1
STU1438,Electrical Engineering,9.18,86.6,0,85.0,"Python, Django, PostgreSQL, Git",1
STU1439,Information Technology,9.07,86.0,0,85.2,"HTML, CSS, JavaScript, React, Node.js, Express, MongoDB",1
STU1440,Electronics & Communication,6.41,61.5,1,51.5,"Java, Spring Boot, MySQL, REST APIs, Microservices, DSA",1
STU1441,Electrical Engineering,8.71,81.9,0,75.3,"HTML, CSS, JavaScript, React, Node.js, Express, MongoDB",1
STU1442,Computer Science & Engineering,8.36,76.7,0,69.8,"HTML, CSS, JavaScript, React, Node.js, Express, MongoDB",1
STU1443,Computer Science & Engineering,9.53,92.6,0,49.6,"SQL, Excel, Tableau, Python, Data Analytics",1
STU1444,Information Technology,7.79,75.0,0,76.9,"HTML, CSS, JavaScript, React, Node.js, Express, MongoDB",1
STU1445,Electronics & Communication,8.62,82.4,1,77.1,"HTML, CSS, JavaScript, React, Node.js, Express, MongoDB",1
STU1446,Artificial Intelligence & Data Science,7.25,66.9,0,83.5,"Python, SQL, React, Data Structures, Git, Docker",1
STU1447,Information Technology,7.27,69.6,1,67.1,"C++, Data Structures, Algorithms, System Design, Linux, Git",1
STU1448,Electrical Engineering,6.81,64.5,0,72.6,"Python, Machine Learning, Pandas, Scikit-learn, SQL, PowerBI",1
STU1449,Computer Science & Engineering,7.61,71.4,0,78.5,"AWS, Python, Terraform, Docker, Kubernetes, CI/CD",1
STU1450,Artificial Intelligence & Data Science,8.21,79.2,0,54.9,"Python, SQL, React, Data Structures, Git, Docker",1
STU1451,Electronics & Communication,8.59,82.9,0,62.6,"Java, Spring Boot, MySQL, REST APIs, Microservices, DSA",1
STU1452,Artificial Intelligence & Data Science,7.8,77.8,0,64.9,"SQL, Excel, Tableau, Python, Data Analytics",1
STU1453,Electronics & Communication,7.02,62.9,0,63.9,"Java, SQL, HTML, CSS, Problem Solving",1
STU1454,Electronics & Communication,6.24,57.1,0,81.3,"Python, SQL, React, Data Structures, Git, Docker",1
STU1455,Artificial Intelligence & Data Science,9.28,89.6,0,58.9,"SQL, Excel, Tableau, Python, Data Analytics",1
STU1456,Computer Science & Engineering,7.48,73.4,1,55.0,"AWS, Python, Terraform, Docker, Kubernetes, CI/CD",1
STU1457,Information Technology,7.66,73.3,0,77.0,"Java, Spring Boot, MySQL, REST APIs, Microservices, DSA",1
STU1458,Electrical Engineering,7.61,74.3,0,30.2,"Java, SQL, HTML, CSS, Problem Solving",1
STU1459,Electronics & Communication,8.15,80.4,0,63.1,"HTML, CSS, JavaScript, React, Node.js, Express, MongoDB",1
STU1460,Computer Science & Engineering,7.25,70.8,0,90.6,"C++, Data Structures, Algorithms, System Design, Linux, Git",1
STU1461,Electrical Engineering,8.85,82.0,0,79.0,"Java, Spring Boot, MySQL, REST APIs, Microservices, DSA",1
STU1462,Electronics & Communication,7.13,66.0,0,98.4,"AWS, Python, Terraform, Docker, Kubernetes, CI/CD",1
STU1463,Information Technology,7.21,71.5,1,76.6,"C++, Data Structures, Algorithms, System Design, Linux, Git",1
STU1464,Information Technology,6.72,64.2,0,57.6,"HTML, CSS, JavaScript, React, Node.js, Express, MongoDB",1
STU1465,Computer Science & Engineering,5.95,56.1,0,39.1,"C++, Data Structures, Algorithms, System Design, Linux, Git",0
STU1466,Artificial Intelligence & Data Science,5.74,56.1,0,69.2,"Python, Django, PostgreSQL, Git",0
STU1467,Artificial Intelligence & Data Science,5.8,57.3,1,59.9,"SQL, Excel, Tableau, Python, Data Analytics",0
STU1468,Electrical Engineering,5.34,51.0,0,65.8,"SQL, Excel, Tableau, Python, Data Analytics",0
STU1469,Information Technology,8.14,75.6,0,71.8,"AWS, Python, Terraform, Docker, Kubernetes, CI/CD",1
STU1470,Artificial Intelligence & Data Science,8.58,81.6,0,94.6,"Python, Django, PostgreSQL, Git",1
STU1471,Electrical Engineering,7.33,68.8,0,58.9,"HTML, CSS, JavaScript, React, Node.js, Express, MongoDB",1
STU1472,Computer Science & Engineering,5.42,50.0,0,71.7,"C, C++, Embedded Systems, RTOS, Linux",0
STU1473,Computer Science & Engineering,7.96,77.5,0,60.4,"Python, Django, PostgreSQL, Git",1
STU1474,Computer Science & Engineering,6.87,65.6,0,90.6,"HTML, CSS, JavaScript, React, Node.js, Express, MongoDB",1
STU1475,Electrical Engineering,8.39,78.0,0,37.1,"Java, Spring Boot, MySQL, REST APIs, Microservices, DSA",1
STU1476,Artificial Intelligence & Data Science,7.17,66.1,0,66.2,"Java, SQL, HTML, CSS, Problem Solving",1
STU1477,Artificial Intelligence & Data Science,7.48,72.1,0,65.6,"Python, SQL, React, Data Structures, Git, Docker",1
STU1478,Information Technology,6.2,61.7,2,66.6,"SQL, Excel, Tableau, Python, Data Analytics",0
STU1479,Electrical Engineering,7.42,70.9,0,78.6,"Python, Django, PostgreSQL, Git",1
STU1480,Artificial Intelligence & Data Science,6.73,64.7,0,52.0,"Python, SQL, React, Data Structures, Git, Docker",1
STU1481,Computer Science & Engineering,7.52,68.0,0,59.0,"AWS, Python, Terraform, Docker, Kubernetes, CI/CD",1
STU1482,Computer Science & Engineering,6.8,64.8,0,70.2,"C++, Data Structures, Algorithms, System Design, Linux, Git",1
STU1483,Artificial Intelligence & Data Science,6.27,61.3,0,86.0,"Python, Django, PostgreSQL, Git",1
STU1484,Information Technology,6.69,67.1,0,51.3,"SQL, Excel, Tableau, Python, Data Analytics",1
STU1485,Artificial Intelligence & Data Science,8.41,79.4,0,88.1,"HTML, CSS, JavaScript, React, Node.js, Express, MongoDB",1
STU1486,Electrical Engineering,7.72,73.9,0,66.1,"AWS, Python, Terraform, Docker, Kubernetes, CI/CD",1
STU1487,Computer Science & Engineering,8.29,75.1,0,84.4,"AWS, Python, Terraform, Docker, Kubernetes, CI/CD",1
STU1488,Artificial Intelligence & Data Science,8.54,83.4,0,52.7,"C, C++, Embedded Systems, RTOS, Linux",1
STU1489,Information Technology,6.95,64.1,0,62.0,"SQL, Excel, Tableau, Python, Data Analytics",1
STU1490,Information Technology,8.84,86.8,0,60.1,"SQL, Excel, Tableau, Python, Data Analytics",1
STU1491,Artificial Intelligence & Data Science,7.17,70.3,2,51.4,"HTML, CSS, JavaScript, React, Node.js, Express, MongoDB",0
STU1492,Electronics & Communication,6.04,56.2,0,67.6,"Java, Spring Boot, MySQL, REST APIs, Microservices, DSA",1
STU1493,Information Technology,7.71,73.2,0,51.9,"AWS, Python, Terraform, Docker, Kubernetes, CI/CD",1
STU1494,Computer Science & Engineering,8.0,76.0,0,61.9,"C, C++, Embedded Systems, RTOS, Linux",1
STU1495,Electrical Engineering,7.28,67.0,0,62.9,"Java, SQL, HTML, CSS, Problem Solving",1
STU1496,Electronics & Communication,7.12,70.8,0,75.9,"AWS, Python, Terraform, Docker, Kubernetes, CI/CD",1
STU1497,Electronics & Communication,7.07,67.0,0,71.2,"Python, Machine Learning, Pandas, Scikit-learn, SQL, PowerBI",1
STU1498,Information Technology,8.69,83.3,2,66.5,"Python, Django, PostgreSQL, Git",0
STU1499,Information Technology,7.89,76.0,0,39.5,"C++, Data Structures, Algorithms, System Design, Linux, Git",1
STU1500,Electrical Engineering,9.31,92.9,0,76.9,"Java, Spring Boot, MySQL, REST APIs, Microservices, DSA",1
STU1501,Computer Science & Engineering,7.95,73.4,1,55.8,"C, C++, Embedded Systems, RTOS, Linux",1
STU1502,Information Technology,7.22,67.6,0,40.3,"SQL, Excel, Tableau, Python, Data Analytics",1
STU1503,Information Technology,8.22,77.7,0,52.5,"C++, Data Structures, Algorithms, System Design, Linux, Git",1
STU1504,Information Technology,5.0,50.0,0,83.4,"SQL, Excel, Tableau, Python, Data Analytics",0
STU1505,Artificial Intelligence & Data Science,9.55,89.8,1,50.1,"Python, SQL, React, Data Structures, Git, Docker",1
STU1506,Artificial Intelligence & Data Science,9.95,91.5,0,71.6,"Python, Machine Learning, Pandas, Scikit-learn, SQL, PowerBI",1
STU1507,Information Technology,7.91,74.4,0,71.9,"Python, Django, PostgreSQL, Git",1
STU1508,Artificial Intelligence & Data Science,8.08,76.0,0,73.3,"HTML, CSS, JavaScript, React, Node.js, Express, MongoDB",1
STU1509,Electronics & Communication,7.37,70.5,2,82.6,"Python, Machine Learning, Pandas, Scikit-learn, SQL, PowerBI",0
STU1510,Artificial Intelligence & Data Science,6.4,59.5,0,59.7,"SQL, Excel, Tableau, Python, Data Analytics",1
STU1511,Artificial Intelligence & Data Science,8.91,90.1,0,64.2,"HTML, CSS, JavaScript, React, Node.js, Express, MongoDB",1
STU1512,Information Technology,7.34,70.3,0,75.3,"Java, SQL, HTML, CSS, Problem Solving",1
STU1513,Information Technology,8.11,79.4,1,65.1,"SQL, Excel, Tableau, Python, Data Analytics",1
STU1514,Artificial Intelligence & Data Science,8.05,70.6,1,77.2,"Python, SQL, React, Data Structures, Git, Docker",1
STU1515,Computer Science & Engineering,7.61,76.2,1,64.6,"C, C++, Embedded Systems, RTOS, Linux",1
STU1516,Computer Science & Engineering,6.55,63.0,0,54.4,"C, C++, Embedded Systems, RTOS, Linux",1
STU1517,Electronics & Communication,5.88,54.1,0,58.4,"C++, Data Structures, Algorithms, System Design, Linux, Git",0
STU1518,Information Technology,8.45,81.3,0,78.2,"C, C++, Embedded Systems, RTOS, Linux",1
STU1519,Information Technology,7.97,76.6,1,59.7,"Java, Spring Boot, MySQL, REST APIs, Microservices, DSA",1
STU1520,Computer Science & Engineering,8.71,84.2,1,72.9,"AWS, Python, Terraform, Docker, Kubernetes, CI/CD",1
STU1521,Electrical Engineering,8.58,79.9,0,67.7,"Java, SQL, HTML, CSS, Problem Solving",1
STU1522,Computer Science & Engineering,6.66,63.0,0,56.9,"Java, SQL, HTML, CSS, Problem Solving",1
STU1523,Electronics & Communication,7.06,67.1,0,76.5,"Python, SQL, React, Data Structures, Git, Docker",1
STU1524,Information Technology,7.4,68.7,2,77.2,"AWS, Python, Terraform, Docker, Kubernetes, CI/CD",0
STU1525,Artificial Intelligence & Data Science,8.43,79.8,0,58.1,"HTML, CSS, JavaScript, React, Node.js, Express, MongoDB",1
STU1526,Artificial Intelligence & Data Science,6.55,60.3,0,79.6,"C++, Data Structures, Algorithms, System Design, Linux, Git",1
STU1527,Computer Science & Engineering,7.19,65.2,0,66.1,"Python, SQL, React, Data Structures, Git, Docker",1
STU1528,Information Technology,7.47,71.5,0,87.0,"Python, Machine Learning, Pandas, Scikit-learn, SQL, PowerBI",1
STU1529,Electrical Engineering,5.96,56.6,0,82.1,"SQL, Excel, Tableau, Python, Data Analytics",0
STU1530,Information Technology,9.38,91.6,0,70.9,"HTML, CSS, JavaScript, React, Node.js, Express, MongoDB",1
STU1531,Information Technology,6.86,66.9,0,75.8,"Python, SQL, React, Data Structures, Git, Docker",1
STU1532,Artificial Intelligence & Data Science,8.57,86.9,0,73.5,"SQL, Excel, Tableau, Python, Data Analytics",1
STU1533,Electrical Engineering,6.84,61.3,0,67.6,"Python, Django, PostgreSQL, Git",1
STU1534,Electrical Engineering,6.82,65.1,0,56.5,"C, C++, Embedded Systems, RTOS, Linux",1
STU1535,Electronics & Communication,8.63,80.7,0,68.2,"C++, Data Structures, Algorithms, System Design, Linux, Git",1
STU1536,Electronics & Communication,7.04,67.2,0,79.6,"SQL, Excel, Tableau, Python, Data Analytics",1
STU1537,Information Technology,6.45,60.7,0,57.1,"Java, SQL, HTML, CSS, Problem Solving",1
STU1538,Electrical Engineering,6.88,67.1,0,71.7,"Java, Spring Boot, MySQL, REST APIs, Microservices, DSA",1
STU1539,Electrical Engineering,7.61,71.8,3,78.6,"C, C++, Embedded Systems, RTOS, Linux",0
STU1540,Electrical Engineering,7.69,71.9,0,33.9,"C, C++, Embedded Systems, RTOS, Linux",1
STU1541,Computer Science & Engineering,7.25,69.9,0,56.6,"Python, Django, PostgreSQL, Git",1
STU1542,Electronics & Communication,7.5,71.6,0,59.4,"AWS, Python, Terraform, Docker, Kubernetes, CI/CD",1
STU1543,Computer Science & Engineering,7.05,66.1,1,70.0,"AWS, Python, Terraform, Docker, Kubernetes, CI/CD",1
STU1544,Electrical Engineering,7.4,71.5,0,47.8,"Java, Spring Boot, MySQL, REST APIs, Microservices, DSA",1
STU1545,Information Technology,5.0,50.0,1,48.2,"AWS, Python, Terraform, Docker, Kubernetes, CI/CD",0
STU1546,Electronics & Communication,6.9,68.5,0,72.6,"C, C++, Embedded Systems, RTOS, Linux",1
STU1547,Artificial Intelligence & Data Science,7.73,72.7,1,97.5,"C++, Data Structures, Algorithms, System Design, Linux, Git",1
STU1548,Information Technology,8.14,75.2,4,46.2,"C++, Data Structures, Algorithms, System Design, Linux, Git",0
STU1549,Computer Science & Engineering,8.3,81.4,0,79.3,"Python, Django, PostgreSQL, Git",1
STU1550,Information Technology,6.09,61.1,0,55.4,"Python, SQL, React, Data Structures, Git, Docker",1
STU1551,Electronics & Communication,8.1,75.2,2,48.2,"AWS, Python, Terraform, Docker, Kubernetes, CI/CD",0
STU1552,Artificial Intelligence & Data Science,7.45,68.8,0,78.4,"C, C++, Embedded Systems, RTOS, Linux",1
STU1553,Electronics & Communication,6.84,61.9,0,52.1,"Python, Machine Learning, Pandas, Scikit-learn, SQL, PowerBI",1
STU1554,Electronics & Communication,7.15,65.9,0,32.1,"Python, SQL, React, Data Structures, Git, Docker",1
STU1555,Artificial Intelligence & Data Science,7.19,68.2,0,68.2,"AWS, Python, Terraform, Docker, Kubernetes, CI/CD",1
STU1556,Artificial Intelligence & Data Science,7.42,71.6,2,51.5,"Python, Django, PostgreSQL, Git",0
STU1557,Artificial Intelligence & Data Science,8.63,82.2,0,89.7,"C++, Data Structures, Algorithms, System Design, Linux, Git",1
STU1558,Electrical Engineering,8.14,78.5,0,63.0,"AWS, Python, Terraform, Docker, Kubernetes, CI/CD",1
STU1559,Artificial Intelligence & Data Science,6.77,66.3,0,57.6,"Java, Spring Boot, MySQL, REST APIs, Microservices, DSA",1
STU1560,Information Technology,6.04,54.4,0,70.3,"SQL, Excel, Tableau, Python, Data Analytics",1
STU1561,Computer Science & Engineering,7.46,72.2,0,77.5,"AWS, Python, Terraform, Docker, Kubernetes, CI/CD",1
STU1562,Electronics & Communication,5.64,51.9,0,66.6,"HTML, CSS, JavaScript, React, Node.js, Express, MongoDB",0
STU1563,Information Technology,5.59,51.7,0,67.4,"Java, SQL, HTML, CSS, Problem Solving",0
STU1564,Artificial Intelligence & Data Science,7.42,71.0,0,50.4,"AWS, Python, Terraform, Docker, Kubernetes, CI/CD",1
STU1565,Electrical Engineering,6.72,64.5,0,54.1,"AWS, Python, Terraform, Docker, Kubernetes, CI/CD",1
STU1566,Computer Science & Engineering,6.18,59.2,4,75.0,"Python, SQL, React, Data Structures, Git, Docker",0
STU1567,Electronics & Communication,8.65,79.8,0,79.9,"Java, SQL, HTML, CSS, Problem Solving",1
STU1568,Computer Science & Engineering,7.14,68.8,0,81.8,"C++, Data Structures, Algorithms, System Design, Linux, Git",1
STU1569,Artificial Intelligence & Data Science,7.32,67.4,0,65.8,"SQL, Excel, Tableau, Python, Data Analytics",1
STU1570,Information Technology,5.63,53.9,0,96.3,"Java, Spring Boot, MySQL, REST APIs, Microservices, DSA",0
STU1571,Electronics & Communication,7.41,72.1,1,59.4,"AWS, Python, Terraform, Docker, Kubernetes, CI/CD",1
STU1572,Computer Science & Engineering,5.0,50.6,0,48.1,"SQL, Excel, Tableau, Python, Data Analytics",0
STU1573,Electronics & Communication,7.11,68.4,0,73.2,"Python, Django, PostgreSQL, Git",1
STU1574,Electrical Engineering,5.64,54.5,0,96.3,"Java, Spring Boot, MySQL, REST APIs, Microservices, DSA",0
STU1575,Artificial Intelligence & Data Science,5.9,56.4,0,68.6,"AWS, Python, Terraform, Docker, Kubernetes, CI/CD",0
STU1576,Information Technology,7.87,74.8,0,59.0,"HTML, CSS, JavaScript, React, Node.js, Express, MongoDB",1
STU1577,Artificial Intelligence & Data Science,7.94,73.5,3,79.6,"C++, Data Structures, Algorithms, System Design, Linux, Git",0
STU1578,Computer Science & Engineering,6.35,61.3,0,88.8,"C, C++, Embedded Systems, RTOS, Linux",1
STU1579,Artificial Intelligence & Data Science,7.79,75.2,0,65.1,"HTML, CSS, JavaScript, React, Node.js, Express, MongoDB",1
STU1580,Electronics & Communication,6.02,58.4,0,80.4,"SQL, Excel, Tableau, Python, Data Analytics",1
STU1581,Information Technology,6.9,65.2,0,55.8,"Python, Django, PostgreSQL, Git",1
STU1582,Artificial Intelligence & Data Science,9.71,91.8,0,63.0,"Java, Spring Boot, MySQL, REST APIs, Microservices, DSA",1
STU1583,Computer Science & Engineering,6.69,60.9,0,45.6,"Python, Django, PostgreSQL, Git",1
STU1584,Electronics & Communication,5.35,52.8,1,58.4,"AWS, Python, Terraform, Docker, Kubernetes, CI/CD",0
STU1585,Electrical Engineering,8.27,81.3,0,50.6,"C, C++, Embedded Systems, RTOS, Linux",1
STU1586,Information Technology,7.42,68.6,0,62.3,"HTML, CSS, JavaScript, React, Node.js, Express, MongoDB",1
STU1587,Electronics & Communication,8.15,74.3,0,95.8,"C++, Data Structures, Algorithms, System Design, Linux, Git",1
STU1588,Information Technology,9.18,87.4,0,55.4,"Java, Spring Boot, MySQL, REST APIs, Microservices, DSA",1
STU1589,Artificial Intelligence & Data Science,5.94,59.3,1,62.3,"Python, Machine Learning, Pandas, Scikit-learn, SQL, PowerBI",0
STU1590,Electrical Engineering,5.8,55.1,0,50.5,"C, C++, Embedded Systems, RTOS, Linux",0
STU1591,Information Technology,7.8,73.4,0,74.2,"C, C++, Embedded Systems, RTOS, Linux",1
STU1592,Computer Science & Engineering,5.0,50.0,0,74.1,"Java, Spring Boot, MySQL, REST APIs, Microservices, DSA",0
STU1593,Electrical Engineering,7.84,76.6,0,78.4,"Python, Django, PostgreSQL, Git",1
STU1594,Electrical Engineering,5.44,52.3,0,60.9,"Java, SQL, HTML, CSS, Problem Solving",0
STU1595,Computer Science & Engineering,7.31,70.8,0,32.2,"AWS, Python, Terraform, Docker, Kubernetes, CI/CD",1
STU1596,Electronics & Communication,6.2,56.7,0,77.5,"C, C++, Embedded Systems, RTOS, Linux",1
STU1597,Electrical Engineering,6.14,57.8,0,83.9,"C, C++, Embedded Systems, RTOS, Linux",1
STU1598,Artificial Intelligence & Data Science,8.71,80.8,0,61.5,"C++, Data Structures, Algorithms, System Design, Linux, Git",1
STU1599,Computer Science & Engineering,7.91,78.1,0,43.9,"Python, SQL, React, Data Structures, Git, Docker",1
STU1600,Information Technology,7.49,69.5,0,56.4,"HTML, CSS, JavaScript, React, Node.js, Express, MongoDB",1
STU1601,Electronics & Communication,7.97,76.9,0,69.5,"Python, Machine Learning, Pandas, Scikit-learn, SQL, PowerBI",1
STU1602,Electronics & Communication,8.12,74.1,2,82.7,"C, C++, Embedded Systems, RTOS, Linux",0
STU1603,Information Technology,6.3,59.9,1,54.6,"HTML, CSS, JavaScript, React, Node.js, Express, MongoDB",1
STU1604,Electronics & Communication,8.07,76.3,0,75.5,"C, C++, Embedded Systems, RTOS, Linux",1
STU1605,Electrical Engineering,8.38,81.2,0,67.0,"HTML, CSS, JavaScript, React, Node.js, Express, MongoDB",1
STU1606,Information Technology,8.13,78.1,0,79.7,"C, C++, Embedded Systems, RTOS, Linux",1
STU1607,Information Technology,6.72,61.2,0,50.9,"SQL, Excel, Tableau, Python, Data Analytics",0
STU1608,Electrical Engineering,7.88,76.4,0,74.4,"SQL, Excel, Tableau, Python, Data Analytics",1
STU1609,Computer Science & Engineering,9.24,83.0,0,67.0,"SQL, Excel, Tableau, Python, Data Analytics",1
STU1610,Computer Science & Engineering,8.17,79.3,1,63.9,"Python, SQL, React, Data Structures, Git, Docker",1
STU1611,Electronics & Communication,7.32,69.4,0,74.4,"SQL, Excel, Tableau, Python, Data Analytics",1
STU1612,Artificial Intelligence & Data Science,8.38,80.8,0,75.0,"SQL, Excel, Tableau, Python, Data Analytics",1
STU1613,Artificial Intelligence & Data Science,7.45,74.4,0,68.6,"Python, SQL, React, Data Structures, Git, Docker",1
STU1614,Electronics & Communication,7.94,74.4,2,37.9,"C, C++, Embedded Systems, RTOS, Linux",0
STU1615,Artificial Intelligence & Data Science,8.61,79.6,0,53.8,"HTML, CSS, JavaScript, React, Node.js, Express, MongoDB",1
STU1616,Electronics & Communication,8.57,82.6,0,77.6,"Java, SQL, HTML, CSS, Problem Solving",1
STU1617,Information Technology,5.9,56.2,0,59.0,"Python, SQL, React, Data Structures, Git, Docker",0
STU1618,Artificial Intelligence & Data Science,6.27,56.9,0,46.7,"Python, Django, PostgreSQL, Git",1
STU1619,Information Technology,8.62,80.5,0,65.9,"SQL, Excel, Tableau, Python, Data Analytics",1
STU1620,Electronics & Communication,6.81,61.3,0,52.4,"AWS, Python, Terraform, Docker, Kubernetes, CI/CD",1
STU1621,Electrical Engineering,8.76,84.3,3,65.9,"AWS, Python, Terraform, Docker, Kubernetes, CI/CD",0
STU1622,Information Technology,8.63,84.9,0,63.0,"AWS, Python, Terraform, Docker, Kubernetes, CI/CD",1
STU1623,Artificial Intelligence & Data Science,5.94,55.8,0,60.6,"HTML, CSS, JavaScript, React, Node.js, Express, MongoDB",0
STU1624,Computer Science & Engineering,7.78,73.8,0,68.5,"Java, Spring Boot, MySQL, REST APIs, Microservices, DSA",1
STU1625,Electrical Engineering,6.57,65.4,0,59.4,"Java, SQL, HTML, CSS, Problem Solving",1
STU1626,Electronics & Communication,5.37,50.0,0,47.0,"C++, Data Structures, Algorithms, System Design, Linux, Git",0
STU1627,Information Technology,6.68,60.0,2,66.2,"AWS, Python, Terraform, Docker, Kubernetes, CI/CD",0
STU1628,Electrical Engineering,7.63,72.6,1,57.9,"Python, Django, PostgreSQL, Git",1
STU1629,Artificial Intelligence & Data Science,7.59,71.9,0,70.6,"HTML, CSS, JavaScript, React, Node.js, Express, MongoDB",1
STU1630,Electrical Engineering,9.24,90.5,0,49.8,"Java, SQL, HTML, CSS, Problem Solving",1
STU1631,Information Technology,8.31,81.3,0,82.2,"Python, Machine Learning, Pandas, Scikit-learn, SQL, PowerBI",1
STU1632,Computer Science & Engineering,6.17,56.8,0,82.2,"Python, SQL, React, Data Structures, Git, Docker",1
STU1633,Artificial Intelligence & Data Science,7.7,72.7,0,71.9,"SQL, Excel, Tableau, Python, Data Analytics",1
STU1634,Computer Science & Engineering,8.55,83.6,0,64.8,"Python, SQL, React, Data Structures, Git, Docker",1
STU1635,Electronics & Communication,7.35,69.2,0,45.3,"HTML, CSS, JavaScript, React, Node.js, Express, MongoDB",1
STU1636,Computer Science & Engineering,8.64,81.4,1,75.9,"AWS, Python, Terraform, Docker, Kubernetes, CI/CD",0
STU1637,Electrical Engineering,6.28,57.9,0,66.0,"SQL, Excel, Tableau, Python, Data Analytics",1
STU1638,Electronics & Communication,7.26,70.6,0,61.9,"C, C++, Embedded Systems, RTOS, Linux",1
STU1639,Artificial Intelligence & Data Science,5.63,53.5,0,66.8,"C, C++, Embedded Systems, RTOS, Linux",0
STU1640,Electrical Engineering,5.98,58.2,1,61.0,"HTML, CSS, JavaScript, React, Node.js, Express, MongoDB",0
STU1641,Information Technology,7.69,73.8,0,76.0,"Java, Spring Boot, MySQL, REST APIs, Microservices, DSA",1
STU1642,Electronics & Communication,6.54,60.7,4,55.2,"AWS, Python, Terraform, Docker, Kubernetes, CI/CD",0
STU1643,Information Technology,6.48,65.0,0,63.8,"AWS, Python, Terraform, Docker, Kubernetes, CI/CD",1
STU1644,Artificial Intelligence & Data Science,6.76,64.7,0,75.0,"C, C++, Embedded Systems, RTOS, Linux",1
STU1645,Computer Science & Engineering,7.92,72.4,0,70.9,"Python, SQL, React, Data Structures, Git, Docker",1
STU1646,Artificial Intelligence & Data Science,8.36,81.2,0,57.3,"AWS, Python, Terraform, Docker, Kubernetes, CI/CD",1
STU1647,Electrical Engineering,7.44,71.0,0,78.7,"C++, Data Structures, Algorithms, System Design, Linux, Git",1
STU1648,Electronics & Communication,6.54,59.4,2,72.3,"C++, Data Structures, Algorithms, System Design, Linux, Git",0
STU1649,Information Technology,8.19,82.1,2,57.5,"AWS, Python, Terraform, Docker, Kubernetes, CI/CD",0
STU1650,Electronics & Communication,6.73,67.4,0,95.9,"SQL, Excel, Tableau, Python, Data Analytics",1
STU1651,Electrical Engineering,6.56,61.4,0,43.2,"C, C++, Embedded Systems, RTOS, Linux",1
STU1652,Electronics & Communication,7.43,66.7,0,67.8,"SQL, Excel, Tableau, Python, Data Analytics",1
STU1653,Electronics & Communication,6.64,63.6,0,62.7,"Python, SQL, React, Data Structures, Git, Docker",1
STU1654,Artificial Intelligence & Data Science,6.02,58.8,0,64.1,"Java, Spring Boot, MySQL, REST APIs, Microservices, DSA",1
STU1655,Electrical Engineering,7.09,68.4,0,53.5,"Python, SQL, React, Data Structures, Git, Docker",1
STU1656,Electrical Engineering,8.03,78.2,0,63.4,"SQL, Excel, Tableau, Python, Data Analytics",1
STU1657,Electrical Engineering,6.73,64.1,0,44.8,"Python, SQL, React, Data Structures, Git, Docker",1
STU1658,Electrical Engineering,5.91,53.5,0,74.7,"C, C++, Embedded Systems, RTOS, Linux",0
STU1659,Information Technology,8.0,73.7,1,48.9,"Java, SQL, HTML, CSS, Problem Solving",1
STU1660,Computer Science & Engineering,7.15,66.2,1,70.5,"Python, Machine Learning, Pandas, Scikit-learn, SQL, PowerBI",1
STU1661,Information Technology,9.95,95.4,0,79.9,"Java, Spring Boot, MySQL, REST APIs, Microservices, DSA",1
STU1662,Artificial Intelligence & Data Science,7.86,75.9,0,96.8,"AWS, Python, Terraform, Docker, Kubernetes, CI/CD",1
STU1663,Artificial Intelligence & Data Science,6.16,56.5,0,75.5,"Python, Machine Learning, Pandas, Scikit-learn, SQL, PowerBI",1
STU1664,Artificial Intelligence & Data Science,6.94,65.3,0,81.7,"SQL, Excel, Tableau, Python, Data Analytics",1
STU1665,Information Technology,8.41,79.3,1,73.9,"Python, SQL, React, Data Structures, Git, Docker",1
STU1666,Electronics & Communication,7.16,67.4,0,99.0,"C, C++, Embedded Systems, RTOS, Linux",1
STU1667,Artificial Intelligence & Data Science,7.88,74.6,4,59.7,"C, C++, Embedded Systems, RTOS, Linux",0
STU1668,Artificial Intelligence & Data Science,8.52,85.1,0,45.8,"C++, Data Structures, Algorithms, System Design, Linux, Git",1
STU1669,Electrical Engineering,5.33,52.8,2,82.8,"AWS, Python, Terraform, Docker, Kubernetes, CI/CD",0
STU1670,Electrical Engineering,5.0,50.0,0,72.6,"HTML, CSS, JavaScript, React, Node.js, Express, MongoDB",0
STU1671,Electronics & Communication,8.42,80.5,0,55.2,"Python, Machine Learning, Pandas, Scikit-learn, SQL, PowerBI",1
STU1672,Electronics & Communication,6.42,60.2,0,54.1,"Python, Machine Learning, Pandas, Scikit-learn, SQL, PowerBI",1
STU1673,Artificial Intelligence & Data Science,8.12,76.9,1,70.5,"Python, Machine Learning, Pandas, Scikit-learn, SQL, PowerBI",1
STU1674,Electrical Engineering,7.07,67.1,0,99.0,"AWS, Python, Terraform, Docker, Kubernetes, CI/CD",1
STU1675,Electronics & Communication,6.18,56.5,2,79.7,"HTML, CSS, JavaScript, React, Node.js, Express, MongoDB",0
STU1676,Artificial Intelligence & Data Science,7.71,76.8,0,73.2,"C, C++, Embedded Systems, RTOS, Linux",1
STU1677,Electronics & Communication,7.83,70.2,2,65.4,"Java, SQL, HTML, CSS, Problem Solving",0
STU1678,Electronics & Communication,5.95,56.1,2,56.8,"C++, Data Structures, Algorithms, System Design, Linux, Git",0
STU1679,Electronics & Communication,7.33,69.1,0,81.2,"Java, Spring Boot, MySQL, REST APIs, Microservices, DSA",1
STU1680,Artificial Intelligence & Data Science,6.73,64.4,2,84.8,"HTML, CSS, JavaScript, React, Node.js, Express, MongoDB",0
STU1681,Electronics & Communication,6.86,63.0,0,58.4,"C, C++, Embedded Systems, RTOS, Linux",1
STU1682,Information Technology,6.71,63.4,2,59.5,"HTML, CSS, JavaScript, React, Node.js, Express, MongoDB",0
STU1683,Information Technology,5.0,50.1,0,81.6,"SQL, Excel, Tableau, Python, Data Analytics",0
STU1684,Information Technology,8.12,74.9,0,65.2,"C, C++, Embedded Systems, RTOS, Linux",1
STU1685,Computer Science & Engineering,7.39,70.7,0,89.2,"Python, SQL, React, Data Structures, Git, Docker",1
STU1686,Computer Science & Engineering,7.9,78.0,0,77.9,"Python, Django, PostgreSQL, Git",1
STU1687,Computer Science & Engineering,8.27,76.3,0,68.8,"C++, Data Structures, Algorithms, System Design, Linux, Git",1
STU1688,Artificial Intelligence & Data Science,8.94,86.3,3,61.8,"Java, SQL, HTML, CSS, Problem Solving",0
STU1689,Electronics & Communication,6.87,66.0,0,71.1,"Python, Machine Learning, Pandas, Scikit-learn, SQL, PowerBI",1
STU1690,Computer Science & Engineering,9.27,90.2,0,70.7,"Python, SQL, React, Data Structures, Git, Docker",1
STU1691,Electrical Engineering,8.44,80.0,0,51.0,"Python, Machine Learning, Pandas, Scikit-learn, SQL, PowerBI",1
STU1692,Information Technology,6.47,60.2,1,52.7,"Python, SQL, React, Data Structures, Git, Docker",1
STU1693,Computer Science & Engineering,6.54,63.8,0,65.8,"C++, Data Structures, Algorithms, System Design, Linux, Git",1
STU1694,Information Technology,6.4,63.8,4,75.2,"Python, Django, PostgreSQL, Git",0
STU1695,Computer Science & Engineering,8.53,82.9,2,52.6,"HTML, CSS, JavaScript, React, Node.js, Express, MongoDB",0
STU1696,Electrical Engineering,7.59,73.2,0,51.5,"SQL, Excel, Tableau, Python, Data Analytics",1
STU1697,Electronics & Communication,6.42,59.0,0,77.8,"AWS, Python, Terraform, Docker, Kubernetes, CI/CD",1
STU1698,Electrical Engineering,8.33,76.7,0,75.7,"C, C++, Embedded Systems, RTOS, Linux",1
STU1699,Electrical Engineering,8.09,75.0,0,88.1,"C++, Data Structures, Algorithms, System Design, Linux, Git",1
STU1700,Computer Science & Engineering,7.78,70.8,0,69.3,"Python, Machine Learning, Pandas, Scikit-learn, SQL, PowerBI",1
STU1701,Electronics & Communication,7.11,68.9,0,63.9,"Python, Django, PostgreSQL, Git",0
STU1702,Electronics & Communication,7.77,74.4,0,74.6,"Python, SQL, React, Data Structures, Git, Docker",1
STU1703,Information Technology,5.71,56.6,1,56.6,"SQL, Excel, Tableau, Python, Data Analytics",0
STU1704,Artificial Intelligence & Data Science,6.28,59.2,0,67.4,"Java, SQL, HTML, CSS, Problem Solving",1
STU1705,Artificial Intelligence & Data Science,7.25,65.3,0,77.0,"Java, Spring Boot, MySQL, REST APIs, Microservices, DSA",1
STU1706,Information Technology,8.08,79.4,0,73.4,"C++, Data Structures, Algorithms, System Design, Linux, Git",1
STU1707,Computer Science & Engineering,8.6,83.6,0,72.6,"Python, Machine Learning, Pandas, Scikit-learn, SQL, PowerBI",1
STU1708,Artificial Intelligence & Data Science,7.56,71.9,0,63.1,"Python, Machine Learning, Pandas, Scikit-learn, SQL, PowerBI",1
STU1709,Electronics & Communication,9.12,83.9,1,60.3,"AWS, Python, Terraform, Docker, Kubernetes, CI/CD",1
STU1710,Computer Science & Engineering,7.8,69.9,0,76.8,"SQL, Excel, Tableau, Python, Data Analytics",1
STU1711,Information Technology,8.37,79.4,0,58.9,"AWS, Python, Terraform, Docker, Kubernetes, CI/CD",1
STU1712,Artificial Intelligence & Data Science,6.24,62.2,0,95.5,"Java, Spring Boot, MySQL, REST APIs, Microservices, DSA",1
STU1713,Electrical Engineering,7.4,67.7,0,80.1,"Java, SQL, HTML, CSS, Problem Solving",1
STU1714,Computer Science & Engineering,8.75,86.5,2,75.9,"HTML, CSS, JavaScript, React, Node.js, Express, MongoDB",0
STU1715,Electronics & Communication,6.43,63.0,0,74.6,"HTML, CSS, JavaScript, React, Node.js, Express, MongoDB",1
STU1716,Information Technology,9.11,88.3,0,73.8,"Python, Machine Learning, Pandas, Scikit-learn, SQL, PowerBI",1
STU1717,Electrical Engineering,7.91,73.2,0,99.0,"Python, Django, PostgreSQL, Git",1
STU1718,Artificial Intelligence & Data Science,7.67,70.6,0,73.4,"C, C++, Embedded Systems, RTOS, Linux",1
STU1719,Information Technology,7.18,64.7,1,83.6,"Python, Machine Learning, Pandas, Scikit-learn, SQL, PowerBI",1
STU1720,Computer Science & Engineering,7.32,68.6,0,70.7,"SQL, Excel, Tableau, Python, Data Analytics",1
STU1721,Electronics & Communication,6.57,63.1,0,79.2,"C, C++, Embedded Systems, RTOS, Linux",1
STU1722,Computer Science & Engineering,8.09,75.2,0,80.5,"SQL, Excel, Tableau, Python, Data Analytics",0
STU1723,Electrical Engineering,6.71,64.3,0,69.0,"C, C++, Embedded Systems, RTOS, Linux",1
STU1724,Information Technology,6.83,64.5,0,65.1,"C, C++, Embedded Systems, RTOS, Linux",1
STU1725,Artificial Intelligence & Data Science,6.58,61.2,0,58.1,"C, C++, Embedded Systems, RTOS, Linux",1
STU1726,Electrical Engineering,6.86,64.6,0,64.4,"Python, Machine Learning, Pandas, Scikit-learn, SQL, PowerBI",0
STU1727,Artificial Intelligence & Data Science,7.13,64.3,0,61.5,"C, C++, Embedded Systems, RTOS, Linux",1
STU1728,Information Technology,6.08,55.7,1,61.2,"Python, Django, PostgreSQL, Git",1
STU1729,Electrical Engineering,7.01,69.3,0,52.1,"Python, Django, PostgreSQL, Git",1
STU1730,Electronics & Communication,8.05,75.4,0,62.2,"Python, Django, PostgreSQL, Git",1
STU1731,Electronics & Communication,6.38,56.8,1,65.9,"Java, SQL, HTML, CSS, Problem Solving",1
STU1732,Electrical Engineering,7.0,67.1,1,70.6,"Python, Machine Learning, Pandas, Scikit-learn, SQL, PowerBI",1
STU1733,Electronics & Communication,9.95,91.7,0,78.9,"Java, SQL, HTML, CSS, Problem Solving",1
STU1734,Computer Science & Engineering,7.31,67.8,0,80.8,"C, C++, Embedded Systems, RTOS, Linux",1
STU1735,Artificial Intelligence & Data Science,6.8,62.2,2,35.5,"Java, Spring Boot, MySQL, REST APIs, Microservices, DSA",0
STU1736,Information Technology,9.42,91.1,0,74.7,"Java, SQL, HTML, CSS, Problem Solving",1
STU1737,Electronics & Communication,7.81,76.6,1,69.9,"Java, SQL, HTML, CSS, Problem Solving",0
STU1738,Artificial Intelligence & Data Science,7.09,69.0,4,67.3,"Python, Django, PostgreSQL, Git",0
STU1739,Information Technology,5.85,50.0,0,47.4,"C, C++, Embedded Systems, RTOS, Linux",0
STU1740,Computer Science & Engineering,8.45,79.5,0,44.1,"AWS, Python, Terraform, Docker, Kubernetes, CI/CD",1
STU1741,Artificial Intelligence & Data Science,6.38,59.6,0,72.8,"C, C++, Embedded Systems, RTOS, Linux",1
STU1742,Computer Science & Engineering,9.49,93.4,0,99.0,"Python, Machine Learning, Pandas, Scikit-learn, SQL, PowerBI",1
STU1743,Artificial Intelligence & Data Science,7.23,64.5,1,80.1,"HTML, CSS, JavaScript, React, Node.js, Express, MongoDB",1
STU1744,Artificial Intelligence & Data Science,7.64,70.4,0,59.8,"C, C++, Embedded Systems, RTOS, Linux",1
STU1745,Information Technology,6.48,62.4,0,62.0,"Python, Machine Learning, Pandas, Scikit-learn, SQL, PowerBI",1
STU1746,Electronics & Communication,6.18,59.2,0,85.1,"C++, Data Structures, Algorithms, System Design, Linux, Git",1
STU1747,Computer Science & Engineering,6.84,65.2,0,56.2,"Java, Spring Boot, MySQL, REST APIs, Microservices, DSA",1
STU1748,Electrical Engineering,6.82,65.8,1,52.6,"Java, SQL, HTML, CSS, Problem Solving",1
STU1749,Information Technology,8.15,76.7,1,75.5,"Python, SQL, React, Data Structures, Git, Docker",1
STU1750,Electrical Engineering,7.99,78.4,0,59.1,"Java, Spring Boot, MySQL, REST APIs, Microservices, DSA",1
STU1751,Computer Science & Engineering,7.9,73.6,0,64.3,"SQL, Excel, Tableau, Python, Data Analytics",1
STU1752,Artificial Intelligence & Data Science,6.37,59.2,0,72.1,"Python, SQL, React, Data Structures, Git, Docker",1
STU1753,Information Technology,7.19,71.5,0,65.1,"C, C++, Embedded Systems, RTOS, Linux",1
STU1754,Information Technology,5.0,50.0,1,60.6,"Python, SQL, React, Data Structures, Git, Docker",0
STU1755,Information Technology,8.93,83.6,0,52.5,"HTML, CSS, JavaScript, React, Node.js, Express, MongoDB",1
STU1756,Electronics & Communication,8.25,78.8,1,75.1,"SQL, Excel, Tableau, Python, Data Analytics",1
STU1757,Information Technology,9.95,94.6,0,60.8,"AWS, Python, Terraform, Docker, Kubernetes, CI/CD",1
STU1758,Electrical Engineering,7.08,67.8,0,67.4,"C++, Data Structures, Algorithms, System Design, Linux, Git",1
STU1759,Electronics & Communication,6.93,66.3,0,55.5,"HTML, CSS, JavaScript, React, Node.js, Express, MongoDB",1
STU1760,Information Technology,6.94,63.7,0,61.7,"SQL, Excel, Tableau, Python, Data Analytics",1
STU1761,Electrical Engineering,8.78,84.1,0,61.8,"Java, SQL, HTML, CSS, Problem Solving",1
STU1762,Artificial Intelligence & Data Science,8.15,81.1,0,65.5,"AWS, Python, Terraform, Docker, Kubernetes, CI/CD",1
STU1763,Artificial Intelligence & Data Science,8.14,80.4,1,69.9,"AWS, Python, Terraform, Docker, Kubernetes, CI/CD",1
STU1764,Artificial Intelligence & Data Science,7.19,68.2,0,69.3,"HTML, CSS, JavaScript, React, Node.js, Express, MongoDB",1
STU1765,Artificial Intelligence & Data Science,7.68,74.4,0,47.5,"C, C++, Embedded Systems, RTOS, Linux",1
STU1766,Electronics & Communication,8.36,78.5,0,55.6,"Python, Machine Learning, Pandas, Scikit-learn, SQL, PowerBI",1
STU1767,Artificial Intelligence & Data Science,8.45,82.3,1,82.5,"C++, Data Structures, Algorithms, System Design, Linux, Git",1
STU1768,Artificial Intelligence & Data Science,6.74,63.6,2,45.0,"C, C++, Embedded Systems, RTOS, Linux",0
STU1769,Information Technology,6.97,65.3,5,51.8,"C, C++, Embedded Systems, RTOS, Linux",0
STU1770,Information Technology,7.76,71.4,0,69.2,"HTML, CSS, JavaScript, React, Node.js, Express, MongoDB",1
STU1771,Artificial Intelligence & Data Science,5.0,51.7,0,62.8,"Java, Spring Boot, MySQL, REST APIs, Microservices, DSA",0
STU1772,Electrical Engineering,7.91,78.2,1,54.7,"Java, Spring Boot, MySQL, REST APIs, Microservices, DSA",1
STU1773,Computer Science & Engineering,9.32,88.0,1,76.3,"Python, Machine Learning, Pandas, Scikit-learn, SQL, PowerBI",1
STU1774,Electrical Engineering,6.49,60.4,0,60.6,"SQL, Excel, Tableau, Python, Data Analytics",1
STU1775,Information Technology,6.24,59.7,0,92.0,"Java, Spring Boot, MySQL, REST APIs, Microservices, DSA",1
STU1776,Electrical Engineering,5.3,50.2,1,48.8,"SQL, Excel, Tableau, Python, Data Analytics",0
STU1777,Electronics & Communication,9.59,91.4,0,53.9,"Python, Machine Learning, Pandas, Scikit-learn, SQL, PowerBI",1
STU1778,Information Technology,8.79,81.8,0,75.6,"Python, SQL, React, Data Structures, Git, Docker",1
STU1779,Artificial Intelligence & Data Science,7.62,76.2,2,79.3,"Java, Spring Boot, MySQL, REST APIs, Microservices, DSA",0
STU1780,Information Technology,5.58,51.1,2,66.3,"SQL, Excel, Tableau, Python, Data Analytics",0
STU1781,Electrical Engineering,7.5,69.2,0,66.6,"Python, Machine Learning, Pandas, Scikit-learn, SQL, PowerBI",0
STU1782,Artificial Intelligence & Data Science,9.07,87.4,0,69.0,"HTML, CSS, JavaScript, React, Node.js, Express, MongoDB",1
STU1783,Electronics & Communication,7.17,64.6,0,76.2,"AWS, Python, Terraform, Docker, Kubernetes, CI/CD",1
STU1784,Artificial Intelligence & Data Science,5.3,50.0,0,62.2,"C, C++, Embedded Systems, RTOS, Linux",0
STU1785,Electronics & Communication,9.48,87.2,0,77.1,"Python, Django, PostgreSQL, Git",1
STU1786,Electronics & Communication,8.59,80.7,2,66.7,"AWS, Python, Terraform, Docker, Kubernetes, CI/CD",0
STU1787,Information Technology,8.86,86.5,0,60.7,"SQL, Excel, Tableau, Python, Data Analytics",1
STU1788,Electronics & Communication,5.73,50.0,1,61.7,"Python, SQL, React, Data Structures, Git, Docker",0
STU1789,Electrical Engineering,8.01,77.1,0,74.5,"SQL, Excel, Tableau, Python, Data Analytics",1
STU1790,Information Technology,5.34,50.0,1,70.7,"HTML, CSS, JavaScript, React, Node.js, Express, MongoDB",0
STU1791,Artificial Intelligence & Data Science,7.89,74.9,0,60.8,"Python, Machine Learning, Pandas, Scikit-learn, SQL, PowerBI",1
STU1792,Artificial Intelligence & Data Science,7.9,73.1,0,68.8,"Python, Machine Learning, Pandas, Scikit-learn, SQL, PowerBI",1
STU1793,Electronics & Communication,7.89,74.7,0,58.1,"AWS, Python, Terraform, Docker, Kubernetes, CI/CD",1
STU1794,Artificial Intelligence & Data Science,8.07,77.0,1,59.8,"Python, Django, PostgreSQL, Git",1
STU1795,Information Technology,7.65,68.3,0,84.0,"AWS, Python, Terraform, Docker, Kubernetes, CI/CD",1
STU1796,Artificial Intelligence & Data Science,7.87,77.2,0,48.8,"C, C++, Embedded Systems, RTOS, Linux",1
STU1797,Computer Science & Engineering,6.62,60.8,0,43.0,"C, C++, Embedded Systems, RTOS, Linux",1
STU1798,Computer Science & Engineering,6.79,64.9,0,51.2,"Java, Spring Boot, MySQL, REST APIs, Microservices, DSA",1
STU1799,Information Technology,6.96,63.7,1,63.9,"Java, SQL, HTML, CSS, Problem Solving",0
STU1800,Computer Science & Engineering,5.73,55.1,1,92.6,"Python, Machine Learning, Pandas, Scikit-learn, SQL, PowerBI",0
STU1801,Information Technology,7.42,71.2,0,64.4,"Python, SQL, React, Data Structures, Git, Docker",1
STU1802,Computer Science & Engineering,7.65,74.1,0,50.2,"AWS, Python, Terraform, Docker, Kubernetes, CI/CD",1
STU1803,Artificial Intelligence & Data Science,9.27,92.0,0,72.9,"SQL, Excel, Tableau, Python, Data Analytics",1
STU1804,Computer Science & Engineering,8.25,79.5,0,71.3,"Python, SQL, React, Data Structures, Git, Docker",1
STU1805,Computer Science & Engineering,7.13,67.3,0,84.3,"Java, SQL, HTML, CSS, Problem Solving",1
STU1806,Electrical Engineering,7.2,69.0,0,67.2,"HTML, CSS, JavaScript, React, Node.js, Express, MongoDB",1
STU1807,Artificial Intelligence & Data Science,8.74,84.4,3,43.3,"C, C++, Embedded Systems, RTOS, Linux",0
STU1808,Computer Science & Engineering,7.3,70.2,1,55.9,"C++, Data Structures, Algorithms, System Design, Linux, Git",1
STU1809,Information Technology,8.81,86.4,2,61.4,"C, C++, Embedded Systems, RTOS, Linux",0
STU1810,Electrical Engineering,9.21,89.6,0,57.8,"SQL, Excel, Tableau, Python, Data Analytics",1
STU1811,Electronics & Communication,7.8,75.0,0,51.9,"AWS, Python, Terraform, Docker, Kubernetes, CI/CD",1
STU1812,Electronics & Communication,7.9,71.3,1,51.7,"Java, Spring Boot, MySQL, REST APIs, Microservices, DSA",1
STU1813,Electrical Engineering,7.09,70.3,2,61.3,"Python, Django, PostgreSQL, Git",0
STU1814,Electronics & Communication,7.19,66.8,0,82.7,"Python, Machine Learning, Pandas, Scikit-learn, SQL, PowerBI",1
STU1815,Computer Science & Engineering,9.22,86.8,0,60.9,"Java, Spring Boot, MySQL, REST APIs, Microservices, DSA",1
STU1816,Artificial Intelligence & Data Science,7.25,70.4,0,41.3,"Java, SQL, HTML, CSS, Problem Solving",1
STU1817,Computer Science & Engineering,8.85,83.7,0,68.4,"Python, SQL, React, Data Structures, Git, Docker",1
STU1818,Artificial Intelligence & Data Science,7.3,69.3,0,43.8,"Java, Spring Boot, MySQL, REST APIs, Microservices, DSA",1
STU1819,Electrical Engineering,9.04,82.4,1,72.8,"AWS, Python, Terraform, Docker, Kubernetes, CI/CD",1
STU1820,Computer Science & Engineering,7.92,74.7,3,79.9,"C, C++, Embedded Systems, RTOS, Linux",0
STU1821,Artificial Intelligence & Data Science,5.06,50.5,0,64.2,"SQL, Excel, Tableau, Python, Data Analytics",0
STU1822,Electronics & Communication,6.62,61.5,0,66.5,"Java, Spring Boot, MySQL, REST APIs, Microservices, DSA",1
STU1823,Computer Science & Engineering,6.41,62.2,2,57.1,"SQL, Excel, Tableau, Python, Data Analytics",0
STU1824,Computer Science & Engineering,5.0,50.0,0,53.5,"AWS, Python, Terraform, Docker, Kubernetes, CI/CD",0
STU1825,Artificial Intelligence & Data Science,5.61,53.8,5,51.4,"C++, Data Structures, Algorithms, System Design, Linux, Git",0
STU1826,Information Technology,6.73,64.8,2,61.6,"HTML, CSS, JavaScript, React, Node.js, Express, MongoDB",0
STU1827,Artificial Intelligence & Data Science,6.64,66.5,0,55.9,"SQL, Excel, Tableau, Python, Data Analytics",1
STU1828,Electronics & Communication,7.29,68.4,0,54.8,"C, C++, Embedded Systems, RTOS, Linux",1
STU1829,Computer Science & Engineering,8.07,77.7,0,63.4,"C++, Data Structures, Algorithms, System Design, Linux, Git",1
STU1830,Computer Science & Engineering,6.3,58.3,0,47.5,"AWS, Python, Terraform, Docker, Kubernetes, CI/CD",1
STU1831,Computer Science & Engineering,6.85,66.1,0,81.6,"Python, Machine Learning, Pandas, Scikit-learn, SQL, PowerBI",1
STU1832,Electrical Engineering,6.19,58.1,0,57.1,"SQL, Excel, Tableau, Python, Data Analytics",1
STU1833,Computer Science & Engineering,8.86,83.4,0,65.1,"AWS, Python, Terraform, Docker, Kubernetes, CI/CD",0
STU1834,Artificial Intelligence & Data Science,8.38,83.3,0,62.3,"Python, Django, PostgreSQL, Git",1
STU1835,Artificial Intelligence & Data Science,8.18,75.1,0,92.7,"C, C++, Embedded Systems, RTOS, Linux",1
STU1836,Artificial Intelligence & Data Science,8.18,73.9,0,62.8,"SQL, Excel, Tableau, Python, Data Analytics",1
STU1837,Electronics & Communication,7.88,76.7,0,75.6,"SQL, Excel, Tableau, Python, Data Analytics",1
STU1838,Computer Science & Engineering,6.35,59.0,1,57.2,"Java, Spring Boot, MySQL, REST APIs, Microservices, DSA",1
STU1839,Information Technology,8.31,78.0,0,80.5,"Java, SQL, HTML, CSS, Problem Solving",1
STU1840,Electronics & Communication,9.23,90.7,1,78.3,"AWS, Python, Terraform, Docker, Kubernetes, CI/CD",1
STU1841,Electronics & Communication,9.36,90.8,0,57.3,"Python, SQL, React, Data Structures, Git, Docker",1
STU1842,Computer Science & Engineering,6.24,60.8,0,87.2,"HTML, CSS, JavaScript, React, Node.js, Express, MongoDB",1
STU1843,Artificial Intelligence & Data Science,8.16,79.7,0,72.6,"C++, Data Structures, Algorithms, System Design, Linux, Git",1
STU1844,Electrical Engineering,6.47,64.0,0,78.9,"C, C++, Embedded Systems, RTOS, Linux",1
STU1845,Computer Science & Engineering,7.36,69.3,0,67.7,"Python, SQL, React, Data Structures, Git, Docker",1
STU1846,Electrical Engineering,6.22,62.9,0,50.1,"Java, Spring Boot, MySQL, REST APIs, Microservices, DSA",1
STU1847,Artificial Intelligence & Data Science,7.61,72.7,0,69.1,"AWS, Python, Terraform, Docker, Kubernetes, CI/CD",1
STU1848,Artificial Intelligence & Data Science,7.6,74.1,0,68.2,"Java, SQL, HTML, CSS, Problem Solving",1
STU1849,Information Technology,9.95,94.9,1,56.8,"C, C++, Embedded Systems, RTOS, Linux",1
STU1850,Artificial Intelligence & Data Science,7.21,70.0,0,74.2,"C++, Data Structures, Algorithms, System Design, Linux, Git",1
STU1851,Electronics & Communication,6.59,66.4,0,71.4,"HTML, CSS, JavaScript, React, Node.js, Express, MongoDB",1
STU1852,Computer Science & Engineering,8.1,79.1,0,73.1,"C++, Data Structures, Algorithms, System Design, Linux, Git",1
STU1853,Artificial Intelligence & Data Science,7.56,73.1,0,52.1,"HTML, CSS, JavaScript, React, Node.js, Express, MongoDB",1
STU1854,Electronics & Communication,7.14,67.9,0,55.3,"Java, Spring Boot, MySQL, REST APIs, Microservices, DSA",1
STU1855,Artificial Intelligence & Data Science,8.69,78.6,0,77.9,"Python, Machine Learning, Pandas, Scikit-learn, SQL, PowerBI",1
STU1856,Artificial Intelligence & Data Science,7.65,74.0,0,65.0,"Python, Machine Learning, Pandas, Scikit-learn, SQL, PowerBI",1
STU1857,Computer Science & Engineering,6.44,60.4,0,71.9,"HTML, CSS, JavaScript, React, Node.js, Express, MongoDB",1
STU1858,Electrical Engineering,6.39,63.4,2,84.4,"AWS, Python, Terraform, Docker, Kubernetes, CI/CD",0
STU1859,Artificial Intelligence & Data Science,7.55,72.9,0,99.0,"AWS, Python, Terraform, Docker, Kubernetes, CI/CD",1
STU1860,Information Technology,5.03,50.0,0,46.1,"SQL, Excel, Tableau, Python, Data Analytics",0
STU1861,Information Technology,9.05,85.4,0,59.3,"SQL, Excel, Tableau, Python, Data Analytics",1
STU1862,Artificial Intelligence & Data Science,8.96,80.1,0,85.9,"C++, Data Structures, Algorithms, System Design, Linux, Git",1
STU1863,Electrical Engineering,7.77,72.2,4,45.1,"Python, Django, PostgreSQL, Git",0
STU1864,Artificial Intelligence & Data Science,6.13,60.5,1,72.7,"AWS, Python, Terraform, Docker, Kubernetes, CI/CD",1
STU1865,Electronics & Communication,6.37,64.0,0,77.8,"Java, SQL, HTML, CSS, Problem Solving",1
STU1866,Information Technology,7.99,76.6,0,92.7,"SQL, Excel, Tableau, Python, Data Analytics",1
STU1867,Information Technology,7.4,69.4,0,43.7,"C, C++, Embedded Systems, RTOS, Linux",1
STU1868,Computer Science & Engineering,7.0,67.3,0,67.2,"C, C++, Embedded Systems, RTOS, Linux",1
STU1869,Information Technology,6.32,58.3,2,69.2,"Python, Django, PostgreSQL, Git",0
STU1870,Computer Science & Engineering,7.62,70.6,0,46.3,"HTML, CSS, JavaScript, React, Node.js, Express, MongoDB",1
STU1871,Artificial Intelligence & Data Science,7.68,76.9,1,67.7,"Java, SQL, HTML, CSS, Problem Solving",1
STU1872,Information Technology,8.41,76.8,0,90.3,"HTML, CSS, JavaScript, React, Node.js, Express, MongoDB",1
STU1873,Artificial Intelligence & Data Science,8.03,75.2,0,98.3,"C++, Data Structures, Algorithms, System Design, Linux, Git",1
STU1874,Artificial Intelligence & Data Science,7.95,79.1,1,77.9,"Java, Spring Boot, MySQL, REST APIs, Microservices, DSA",1
STU1875,Artificial Intelligence & Data Science,7.13,67.0,4,65.8,"SQL, Excel, Tableau, Python, Data Analytics",0
STU1876,Electrical Engineering,6.27,62.0,0,54.5,"Java, SQL, HTML, CSS, Problem Solving",1
STU1877,Electrical Engineering,9.19,82.8,0,51.5,"AWS, Python, Terraform, Docker, Kubernetes, CI/CD",1
STU1878,Computer Science & Engineering,6.83,64.2,0,74.0,"Java, Spring Boot, MySQL, REST APIs, Microservices, DSA",1
STU1879,Information Technology,7.48,70.7,1,61.1,"AWS, Python, Terraform, Docker, Kubernetes, CI/CD",1
STU1880,Electrical Engineering,7.9,73.1,0,51.9,"Python, SQL, React, Data Structures, Git, Docker",1
STU1881,Electronics & Communication,5.54,52.2,5,81.4,"Java, SQL, HTML, CSS, Problem Solving",0
STU1882,Computer Science & Engineering,6.62,66.8,4,60.6,"Java, Spring Boot, MySQL, REST APIs, Microservices, DSA",0
STU1883,Electrical Engineering,7.6,72.5,0,75.2,"Python, Machine Learning, Pandas, Scikit-learn, SQL, PowerBI",1
STU1884,Electrical Engineering,7.31,67.1,1,88.3,"C, C++, Embedded Systems, RTOS, Linux",1
STU1885,Artificial Intelligence & Data Science,9.39,87.5,0,62.9,"Python, Machine Learning, Pandas, Scikit-learn, SQL, PowerBI",1
STU1886,Electrical Engineering,7.96,74.2,0,98.3,"Python, Django, PostgreSQL, Git",1
STU1887,Electronics & Communication,8.71,79.1,0,80.9,"C++, Data Structures, Algorithms, System Design, Linux, Git",1
STU1888,Electronics & Communication,6.5,61.9,4,80.1,"Java, Spring Boot, MySQL, REST APIs, Microservices, DSA",0
STU1889,Computer Science & Engineering,7.55,70.2,0,61.8,"Java, Spring Boot, MySQL, REST APIs, Microservices, DSA",1
STU1890,Electronics & Communication,9.57,88.1,1,75.1,"C++, Data Structures, Algorithms, System Design, Linux, Git",1
STU1891,Information Technology,9.04,85.8,0,56.4,"Python, Django, PostgreSQL, Git",1
STU1892,Artificial Intelligence & Data Science,7.94,76.6,0,70.7,"AWS, Python, Terraform, Docker, Kubernetes, CI/CD",1
STU1893,Electronics & Communication,7.29,70.4,0,56.6,"Python, Django, PostgreSQL, Git",1
STU1894,Computer Science & Engineering,7.88,69.8,0,77.5,"Python, SQL, React, Data Structures, Git, Docker",1
STU1895,Computer Science & Engineering,7.54,74.4,0,66.8,"AWS, Python, Terraform, Docker, Kubernetes, CI/CD",1
STU1896,Information Technology,6.66,62.5,0,95.9,"C++, Data Structures, Algorithms, System Design, Linux, Git",1
STU1897,Information Technology,6.48,61.8,0,59.7,"C, C++, Embedded Systems, RTOS, Linux",1
STU1898,Artificial Intelligence & Data Science,5.98,55.7,0,59.5,"Java, SQL, HTML, CSS, Problem Solving",0
STU1899,Information Technology,7.32,70.2,0,84.9,"Java, SQL, HTML, CSS, Problem Solving",1
STU1900,Artificial Intelligence & Data Science,7.68,75.7,0,74.2,"Java, SQL, HTML, CSS, Problem Solving",1
STU1901,Information Technology,8.61,78.8,0,92.5,"SQL, Excel, Tableau, Python, Data Analytics",1
STU1902,Artificial Intelligence & Data Science,9.9,95.8,0,76.0,"Java, SQL, HTML, CSS, Problem Solving",1
STU1903,Information Technology,6.0,59.8,0,75.8,"Python, Machine Learning, Pandas, Scikit-learn, SQL, PowerBI",1
STU1904,Electrical Engineering,8.16,75.2,0,66.4,"Java, Spring Boot, MySQL, REST APIs, Microservices, DSA",1
STU1905,Information Technology,6.51,60.8,0,60.3,"C, C++, Embedded Systems, RTOS, Linux",1
STU1906,Artificial Intelligence & Data Science,7.26,67.8,0,30.0,"Python, Machine Learning, Pandas, Scikit-learn, SQL, PowerBI",1
STU1907,Electrical Engineering,9.66,91.4,0,70.6,"Python, Django, PostgreSQL, Git",1
STU1908,Artificial Intelligence & Data Science,9.27,91.9,4,70.2,"SQL, Excel, Tableau, Python, Data Analytics",0
STU1909,Computer Science & Engineering,8.53,85.2,0,76.3,"SQL, Excel, Tableau, Python, Data Analytics",1
STU1910,Electrical Engineering,6.9,65.1,0,66.7,"Python, Django, PostgreSQL, Git",1
STU1911,Electrical Engineering,7.31,66.2,0,69.7,"HTML, CSS, JavaScript, React, Node.js, Express, MongoDB",1
STU1912,Electronics & Communication,8.48,76.3,0,84.2,"C++, Data Structures, Algorithms, System Design, Linux, Git",1
STU1913,Computer Science & Engineering,8.92,79.5,0,63.5,"HTML, CSS, JavaScript, React, Node.js, Express, MongoDB",1
STU1914,Electrical Engineering,6.29,58.7,0,89.4,"C++, Data Structures, Algorithms, System Design, Linux, Git",1
STU1915,Information Technology,8.13,74.4,0,60.1,"SQL, Excel, Tableau, Python, Data Analytics",1
STU1916,Information Technology,7.95,74.5,0,75.2,"Java, SQL, HTML, CSS, Problem Solving",1
STU1917,Information Technology,9.53,88.7,0,49.6,"C, C++, Embedded Systems, RTOS, Linux",1
STU1918,Electronics & Communication,7.45,70.9,0,61.0,"Python, Django, PostgreSQL, Git",1
STU1919,Artificial Intelligence & Data Science,5.89,54.8,0,83.1,"AWS, Python, Terraform, Docker, Kubernetes, CI/CD",0
STU1920,Computer Science & Engineering,9.28,84.7,0,74.1,"AWS, Python, Terraform, Docker, Kubernetes, CI/CD",1
STU1921,Artificial Intelligence & Data Science,7.92,75.6,0,62.9,"Python, Machine Learning, Pandas, Scikit-learn, SQL, PowerBI",1
STU1922,Artificial Intelligence & Data Science,8.81,79.3,5,75.0,"Python, Django, PostgreSQL, Git",0
STU1923,Artificial Intelligence & Data Science,5.0,50.0,0,56.4,"Java, SQL, HTML, CSS, Problem Solving",0
STU1924,Electrical Engineering,6.76,61.9,0,65.2,"Java, Spring Boot, MySQL, REST APIs, Microservices, DSA",1
STU1925,Electronics & Communication,9.67,94.2,0,43.7,"Python, Machine Learning, Pandas, Scikit-learn, SQL, PowerBI",1
STU1926,Electrical Engineering,7.29,66.8,0,97.3,"Python, Machine Learning, Pandas, Scikit-learn, SQL, PowerBI",1
STU1927,Electrical Engineering,9.15,89.3,0,59.3,"Python, Django, PostgreSQL, Git",1
STU1928,Electrical Engineering,8.37,77.4,1,87.3,"Python, Django, PostgreSQL, Git",1
STU1929,Computer Science & Engineering,7.74,73.0,0,99.0,"SQL, Excel, Tableau, Python, Data Analytics",1
STU1930,Electronics & Communication,6.82,61.7,0,72.9,"C, C++, Embedded Systems, RTOS, Linux",1
STU1931,Artificial Intelligence & Data Science,9.95,94.5,0,64.8,"Python, SQL, React, Data Structures, Git, Docker",1
STU1932,Computer Science & Engineering,8.1,77.2,0,66.4,"Java, SQL, HTML, CSS, Problem Solving",1
STU1933,Electronics & Communication,5.97,58.4,1,97.7,"Python, Machine Learning, Pandas, Scikit-learn, SQL, PowerBI",0
STU1934,Artificial Intelligence & Data Science,8.45,80.4,1,71.2,"Python, SQL, React, Data Structures, Git, Docker",1
STU1935,Artificial Intelligence & Data Science,8.58,84.0,0,73.5,"Java, Spring Boot, MySQL, REST APIs, Microservices, DSA",1
STU1936,Information Technology,7.75,74.0,1,50.2,"Java, Spring Boot, MySQL, REST APIs, Microservices, DSA",1
STU1937,Electronics & Communication,7.72,72.1,0,57.5,"SQL, Excel, Tableau, Python, Data Analytics",1
STU1938,Artificial Intelligence & Data Science,9.74,95.2,1,94.9,"SQL, Excel, Tableau, Python, Data Analytics",1
STU1939,Information Technology,6.05,54.5,0,69.3,"C++, Data Structures, Algorithms, System Design, Linux, Git",1
STU1940,Electrical Engineering,8.76,82.4,1,83.0,"Python, SQL, React, Data Structures, Git, Docker",1
STU1941,Electrical Engineering,8.06,76.4,0,82.0,"HTML, CSS, JavaScript, React, Node.js, Express, MongoDB",1
STU1942,Electronics & Communication,8.79,85.8,0,54.4,"AWS, Python, Terraform, Docker, Kubernetes, CI/CD",1
STU1943,Electrical Engineering,8.51,80.3,0,74.3,"HTML, CSS, JavaScript, React, Node.js, Express, MongoDB",1
STU1944,Information Technology,9.65,91.7,5,78.9,"Java, Spring Boot, MySQL, REST APIs, Microservices, DSA",0
STU1945,Electronics & Communication,6.53,60.4,4,44.3,"Python, SQL, React, Data Structures, Git, Docker",0
STU1946,Information Technology,7.44,70.9,1,65.5,"C++, Data Structures, Algorithms, System Design, Linux, Git",1
STU1947,Information Technology,7.84,76.0,0,82.8,"AWS, Python, Terraform, Docker, Kubernetes, CI/CD",1
STU1948,Artificial Intelligence & Data Science,6.32,59.5,1,84.7,"Java, SQL, HTML, CSS, Problem Solving",1
STU1949,Artificial Intelligence & Data Science,8.38,79.7,0,47.5,"HTML, CSS, JavaScript, React, Node.js, Express, MongoDB",1
STU1950,Computer Science & Engineering,9.49,88.3,0,56.3,"Java, Spring Boot, MySQL, REST APIs, Microservices, DSA",1
STU1951,Electronics & Communication,8.24,76.6,0,59.1,"HTML, CSS, JavaScript, React, Node.js, Express, MongoDB",1
STU1952,Electronics & Communication,7.14,69.3,0,73.9,"Python, Django, PostgreSQL, Git",1
STU1953,Artificial Intelligence & Data Science,7.69,70.0,0,51.8,"Java, Spring Boot, MySQL, REST APIs, Microservices, DSA",1
STU1954,Computer Science & Engineering,6.31,59.9,0,56.6,"AWS, Python, Terraform, Docker, Kubernetes, CI/CD",1
STU1955,Information Technology,6.17,57.9,1,78.0,"Java, SQL, HTML, CSS, Problem Solving",0
STU1956,Electronics & Communication,7.85,75.7,3,74.2,"Python, Django, PostgreSQL, Git",0
STU1957,Electronics & Communication,6.49,59.4,0,85.2,"HTML, CSS, JavaScript, React, Node.js, Express, MongoDB",1
STU1958,Electrical Engineering,7.58,76.4,0,63.0,"C++, Data Structures, Algorithms, System Design, Linux, Git",1
STU1959,Computer Science & Engineering,6.6,62.4,1,72.8,"AWS, Python, Terraform, Docker, Kubernetes, CI/CD",1
STU1960,Computer Science & Engineering,8.2,79.1,0,66.0,"Python, Django, PostgreSQL, Git",1
STU1961,Artificial Intelligence & Data Science,7.77,74.6,0,57.9,"C++, Data Structures, Algorithms, System Design, Linux, Git",1
STU1962,Information Technology,6.14,60.0,0,67.1,"Java, SQL, HTML, CSS, Problem Solving",1
STU1963,Information Technology,7.48,70.7,3,93.3,"HTML, CSS, JavaScript, React, Node.js, Express, MongoDB",0
STU1964,Computer Science & Engineering,6.17,57.8,1,70.5,"HTML, CSS, JavaScript, React, Node.js, Express, MongoDB",1
STU1965,Computer Science & Engineering,8.75,83.3,0,93.3,"HTML, CSS, JavaScript, React, Node.js, Express, MongoDB",1
STU1966,Computer Science & Engineering,8.8,83.3,0,75.5,"C++, Data Structures, Algorithms, System Design, Linux, Git",1
STU1967,Information Technology,8.32,80.0,0,81.1,"HTML, CSS, JavaScript, React, Node.js, Express, MongoDB",1
STU1968,Computer Science & Engineering,8.36,78.8,0,60.0,"Java, Spring Boot, MySQL, REST APIs, Microservices, DSA",1
STU1969,Computer Science & Engineering,7.77,74.0,0,70.6,"Python, Django, PostgreSQL, Git",1
STU1970,Electrical Engineering,6.39,59.0,0,66.0,"Python, Machine Learning, Pandas, Scikit-learn, SQL, PowerBI",1
STU1971,Computer Science & Engineering,7.74,71.5,0,63.8,"Python, SQL, React, Data Structures, Git, Docker",1
STU1972,Artificial Intelligence & Data Science,7.87,74.8,0,47.9,"Java, Spring Boot, MySQL, REST APIs, Microservices, DSA",1
STU1973,Computer Science & Engineering,5.95,51.1,0,81.2,"Python, Django, PostgreSQL, Git",0
STU1974,Computer Science & Engineering,9.95,98.0,0,65.5,"Java, Spring Boot, MySQL, REST APIs, Microservices, DSA",1
STU1975,Electronics & Communication,7.28,66.1,0,92.4,"AWS, Python, Terraform, Docker, Kubernetes, CI/CD",1
STU1976,Information Technology,6.72,65.0,0,75.0,"C++, Data Structures, Algorithms, System Design, Linux, Git",1
STU1977,Computer Science & Engineering,8.58,78.2,0,64.0,"SQL, Excel, Tableau, Python, Data Analytics",1
STU1978,Artificial Intelligence & Data Science,5.18,50.0,0,79.1,"C++, Data Structures, Algorithms, System Design, Linux, Git",0
STU1979,Information Technology,7.27,66.2,0,62.3,"Python, Machine Learning, Pandas, Scikit-learn, SQL, PowerBI",1
STU1980,Artificial Intelligence & Data Science,6.61,63.8,2,72.5,"SQL, Excel, Tableau, Python, Data Analytics",0
STU1981,Computer Science & Engineering,7.58,72.1,1,53.4,"Java, Spring Boot, MySQL, REST APIs, Microservices, DSA",1
STU1982,Electrical Engineering,8.97,82.3,0,59.8,"Java, Spring Boot, MySQL, REST APIs, Microservices, DSA",1
STU1983,Artificial Intelligence & Data Science,7.76,73.5,1,61.6,"AWS, Python, Terraform, Docker, Kubernetes, CI/CD",1
STU1984,Information Technology,6.64,59.1,0,69.4,"C++, Data Structures, Algorithms, System Design, Linux, Git",1
STU1985,Information Technology,9.65,91.3,0,89.1,"Java, Spring Boot, MySQL, REST APIs, Microservices, DSA",1
STU1986,Electrical Engineering,7.75,73.6,0,56.6,"SQL, Excel, Tableau, Python, Data Analytics",1
STU1987,Electronics & Communication,8.31,79.5,0,60.1,"Python, SQL, React, Data Structures, Git, Docker",1
STU1988,Electrical Engineering,8.13,76.1,0,82.0,"SQL, Excel, Tableau, Python, Data Analytics",1
STU1989,Electronics & Communication,6.85,62.9,0,56.9,"Java, SQL, HTML, CSS, Problem Solving",1
STU1990,Artificial Intelligence & Data Science,5.45,52.7,0,42.4,"Python, Machine Learning, Pandas, Scikit-learn, SQL, PowerBI",0
STU1991,Artificial Intelligence & Data Science,6.05,57.4,0,80.8,"Python, Machine Learning, Pandas, Scikit-learn, SQL, PowerBI",1
STU1992,Electrical Engineering,7.23,68.0,0,53.4,"Java, Spring Boot, MySQL, REST APIs, Microservices, DSA",1
STU1993,Electronics & Communication,6.11,57.3,2,72.0,"Python, SQL, React, Data Structures, Git, Docker",0
STU1994,Artificial Intelligence & Data Science,7.6,74.8,2,76.2,"C++, Data Structures, Algorithms, System Design, Linux, Git",0
STU1995,Artificial Intelligence & Data Science,6.95,69.2,1,69.0,"SQL, Excel, Tableau, Python, Data Analytics",0
STU1996,Artificial Intelligence & Data Science,7.22,69.0,0,54.1,"C++, Data Structures, Algorithms, System Design, Linux, Git",1
STU1997,Computer Science & Engineering,6.28,61.5,2,36.7,"Java, Spring Boot, MySQL, REST APIs, Microservices, DSA",0
STU1998,Electronics & Communication,6.42,62.0,0,68.5,"Python, SQL, React, Data Structures, Git, Docker",1
STU1999,Artificial Intelligence & Data Science,5.23,51.3,0,86.2,"Python, SQL, React, Data Structures, Git, Docker",0
STU2000,Artificial Intelligence & Data Science,6.46,61.6,0,50.3,"C, C++, Embedded Systems, RTOS, Linux",1
STU2001,Computer Science & Engineering,5.43,51.3,0,73.8,"Java, SQL, HTML, CSS, Problem Solving",0
STU2002,Electrical Engineering,6.96,63.8,0,62.4,"C, C++, Embedded Systems, RTOS, Linux",0
STU2003,Electronics & Communication,7.7,75.8,0,60.1,"Java, Spring Boot, MySQL, REST APIs, Microservices, DSA",1
STU2004,Information Technology,6.11,59.0,0,84.5,"Python, Machine Learning, Pandas, Scikit-learn, SQL, PowerBI",1
STU2005,Electrical Engineering,7.93,72.8,0,52.5,"Java, SQL, HTML, CSS, Problem Solving",1
STU2006,Electronics & Communication,6.33,59.3,0,85.3,"Java, Spring Boot, MySQL, REST APIs, Microservices, DSA",1
STU2007,Computer Science & Engineering,7.82,73.7,0,63.3,"Python, Machine Learning, Pandas, Scikit-learn, SQL, PowerBI",1
STU2008,Computer Science & Engineering,8.48,77.8,0,90.5,"Java, SQL, HTML, CSS, Problem Solving",1
STU2009,Computer Science & Engineering,8.31,78.0,0,75.5,"SQL, Excel, Tableau, Python, Data Analytics",1
STU2010,Computer Science & Engineering,6.82,65.8,0,86.1,"C++, Data Structures, Algorithms, System Design, Linux, Git",1
STU2011,Computer Science & Engineering,6.18,56.5,0,84.1,"C++, Data Structures, Algorithms, System Design, Linux, Git",1
STU2012,Electrical Engineering,5.86,56.9,0,57.9,"AWS, Python, Terraform, Docker, Kubernetes, CI/CD",0
STU2013,Information Technology,7.19,67.2,0,64.3,"HTML, CSS, JavaScript, React, Node.js, Express, MongoDB",1
STU2014,Computer Science & Engineering,7.39,69.8,0,62.8,"HTML, CSS, JavaScript, React, Node.js, Express, MongoDB",1
STU2015,Electronics & Communication,6.6,64.0,1,56.7,"Python, SQL, React, Data Structures, Git, Docker",1
STU2016,Electrical Engineering,7.55,73.7,1,48.5,"HTML, CSS, JavaScript, React, Node.js, Express, MongoDB",1
STU2017,Computer Science & Engineering,7.57,71.4,0,76.3,"SQL, Excel, Tableau, Python, Data Analytics",1
STU2018,Electronics & Communication,6.59,65.0,0,81.3,"C, C++, Embedded Systems, RTOS, Linux",1
STU2019,Information Technology,7.67,72.4,0,44.6,"SQL, Excel, Tableau, Python, Data Analytics",1
STU2020,Computer Science & Engineering,7.73,73.8,0,42.2,"HTML, CSS, JavaScript, React, Node.js, Express, MongoDB",1
STU2021,Information Technology,6.42,59.8,2,30.0,"Java, Spring Boot, MySQL, REST APIs, Microservices, DSA",0
STU2022,Computer Science & Engineering,7.56,73.5,1,77.7,"Python, SQL, React, Data Structures, Git, Docker",1
STU2023,Information Technology,8.04,78.7,1,64.9,"Python, SQL, React, Data Structures, Git, Docker",1
STU2024,Artificial Intelligence & Data Science,8.93,86.3,0,74.0,"AWS, Python, Terraform, Docker, Kubernetes, CI/CD",1
STU2025,Computer Science & Engineering,7.82,74.0,2,60.0,"C++, Data Structures, Algorithms, System Design, Linux, Git",0
STU2026,Information Technology,9.18,86.6,0,86.6,"Java, SQL, HTML, CSS, Problem Solving",1
STU2027,Electronics & Communication,5.85,56.2,0,90.7,"Java, SQL, HTML, CSS, Problem Solving",0
STU2028,Electrical Engineering,8.51,79.2,0,47.0,"Java, Spring Boot, MySQL, REST APIs, Microservices, DSA",1
STU2029,Computer Science & Engineering,7.3,67.6,0,31.8,"C, C++, Embedded Systems, RTOS, Linux",0
STU2030,Computer Science & Engineering,9.44,90.1,0,63.2,"C, C++, Embedded Systems, RTOS, Linux",1
STU2031,Artificial Intelligence & Data Science,5.63,55.0,2,51.4,"Java, Spring Boot, MySQL, REST APIs, Microservices, DSA",0
STU2032,Electronics & Communication,6.1,58.3,1,77.4,"HTML, CSS, JavaScript, React, Node.js, Express, MongoDB",1
STU2033,Computer Science & Engineering,9.08,82.5,0,80.1,"Python, Django, PostgreSQL, Git",1
STU2034,Electrical Engineering,7.02,65.1,0,73.3,"HTML, CSS, JavaScript, React, Node.js, Express, MongoDB",1
STU2035,Information Technology,8.75,85.5,1,66.8,"SQL, Excel, Tableau, Python, Data Analytics",1
STU2036,Artificial Intelligence & Data Science,7.99,76.8,0,64.1,"SQL, Excel, Tableau, Python, Data Analytics",1
STU2037,Information Technology,5.99,57.5,3,93.7,"C, C++, Embedded Systems, RTOS, Linux",0
STU2038,Computer Science & Engineering,6.76,63.0,0,66.7,"Java, SQL, HTML, CSS, Problem Solving",1
STU2039,Computer Science & Engineering,7.14,68.7,0,80.3,"AWS, Python, Terraform, Docker, Kubernetes, CI/CD",1
STU2040,Artificial Intelligence & Data Science,7.45,72.3,2,59.5,"Python, SQL, React, Data Structures, Git, Docker",0
STU2041,Computer Science & Engineering,7.8,79.1,1,85.5,"HTML, CSS, JavaScript, React, Node.js, Express, MongoDB",1
STU2042,Artificial Intelligence & Data Science,6.96,63.9,0,72.9,"Python, Machine Learning, Pandas, Scikit-learn, SQL, PowerBI",1
STU2043,Information Technology,7.5,71.4,0,69.7,"Python, SQL, React, Data Structures, Git, Docker",1
STU2044,Computer Science & Engineering,8.02,74.1,0,87.1,"Java, Spring Boot, MySQL, REST APIs, Microservices, DSA",1
STU2045,Artificial Intelligence & Data Science,9.2,83.3,2,73.0,"C, C++, Embedded Systems, RTOS, Linux",0
STU2046,Artificial Intelligence & Data Science,8.01,75.0,0,94.9,"AWS, Python, Terraform, Docker, Kubernetes, CI/CD",1
STU2047,Computer Science & Engineering,6.55,63.1,3,44.2,"SQL, Excel, Tableau, Python, Data Analytics",0
STU2048,Computer Science & Engineering,5.13,50.0,0,38.9,"Java, SQL, HTML, CSS, Problem Solving",0
STU2049,Artificial Intelligence & Data Science,7.05,67.0,0,64.2,"Python, SQL, React, Data Structures, Git, Docker",1
STU2050,Information Technology,6.45,61.2,0,68.3,"C++, Data Structures, Algorithms, System Design, Linux, Git",1
STU2051,Artificial Intelligence & Data Science,7.92,75.0,0,45.7,"AWS, Python, Terraform, Docker, Kubernetes, CI/CD",1
STU2052,Electronics & Communication,6.86,66.4,0,68.3,"AWS, Python, Terraform, Docker, Kubernetes, CI/CD",1
STU2053,Computer Science & Engineering,5.85,55.8,0,58.6,"Python, Machine Learning, Pandas, Scikit-learn, SQL, PowerBI",0
STU2054,Electrical Engineering,7.31,68.3,2,61.3,"C++, Data Structures, Algorithms, System Design, Linux, Git",0
STU2055,Information Technology,8.17,77.5,0,60.3,"Java, Spring Boot, MySQL, REST APIs, Microservices, DSA",1
STU2056,Artificial Intelligence & Data Science,5.36,52.5,0,58.5,"AWS, Python, Terraform, Docker, Kubernetes, CI/CD",0
STU2057,Information Technology,7.05,67.4,0,63.4,"AWS, Python, Terraform, Docker, Kubernetes, CI/CD",1
STU2058,Electronics & Communication,9.16,88.6,0,80.1,"Python, Django, PostgreSQL, Git",1
STU2059,Information Technology,5.84,58.7,1,66.4,"Java, Spring Boot, MySQL, REST APIs, Microservices, DSA",0
STU2060,Electrical Engineering,7.97,75.3,1,67.7,"HTML, CSS, JavaScript, React, Node.js, Express, MongoDB",0
STU2061,Information Technology,6.64,64.9,0,98.9,"AWS, Python, Terraform, Docker, Kubernetes, CI/CD",1
STU2062,Electronics & Communication,8.43,79.3,0,77.8,"Python, Machine Learning, Pandas, Scikit-learn, SQL, PowerBI",1
STU2063,Electronics & Communication,9.95,97.3,0,45.1,"Python, SQL, React, Data Structures, Git, Docker",1
STU2064,Computer Science & Engineering,7.91,75.5,0,53.7,"C++, Data Structures, Algorithms, System Design, Linux, Git",1
STU2065,Electrical Engineering,7.63,71.5,2,88.0,"Python, Django, PostgreSQL, Git",0
STU2066,Computer Science & Engineering,8.22,78.6,1,54.7,"Python, Machine Learning, Pandas, Scikit-learn, SQL, PowerBI",1
STU2067,Computer Science & Engineering,7.75,75.2,0,83.8,"C++, Data Structures, Algorithms, System Design, Linux, Git",1
STU2068,Information Technology,8.03,74.9,0,46.5,"Python, Machine Learning, Pandas, Scikit-learn, SQL, PowerBI",1
STU2069,Electronics & Communication,7.24,68.6,0,64.6,"Java, SQL, HTML, CSS, Problem Solving",1
STU2070,Electrical Engineering,6.97,65.6,0,76.9,"Java, Spring Boot, MySQL, REST APIs, Microservices, DSA",1
STU2071,Computer Science & Engineering,6.63,62.3,0,68.7,"Java, Spring Boot, MySQL, REST APIs, Microservices, DSA",1
STU2072,Information Technology,8.84,83.5,3,80.0,"Python, Django, PostgreSQL, Git",0
STU2073,Computer Science & Engineering,7.49,70.8,0,70.3,"AWS, Python, Terraform, Docker, Kubernetes, CI/CD",1
STU2074,Computer Science & Engineering,6.19,61.6,0,66.4,"Python, Django, PostgreSQL, Git",1
STU2075,Artificial Intelligence & Data Science,7.64,74.6,0,78.8,"SQL, Excel, Tableau, Python, Data Analytics",1
STU2076,Artificial Intelligence & Data Science,8.06,75.4,1,66.1,"Java, SQL, HTML, CSS, Problem Solving",1
STU2077,Information Technology,7.48,69.1,0,52.7,"Java, SQL, HTML, CSS, Problem Solving",0
STU2078,Electronics & Communication,8.89,86.2,0,67.1,"C++, Data Structures, Algorithms, System Design, Linux, Git",1
STU2079,Computer Science & Engineering,7.67,75.0,0,65.4,"C++, Data Structures, Algorithms, System Design, Linux, Git",1
STU2080,Information Technology,8.66,80.7,0,89.8,"SQL, Excel, Tableau, Python, Data Analytics",1
STU2081,Artificial Intelligence & Data Science,5.72,52.7,0,78.5,"Python, Django, PostgreSQL, Git",0
STU2082,Computer Science & Engineering,7.13,64.0,2,61.6,"Python, Django, PostgreSQL, Git",0
STU2083,Information Technology,6.26,59.7,0,59.1,"Java, SQL, HTML, CSS, Problem Solving",1
STU2084,Information Technology,7.74,71.3,0,55.7,"C, C++, Embedded Systems, RTOS, Linux",1
STU2085,Computer Science & Engineering,9.38,89.4,0,31.3,"C, C++, Embedded Systems, RTOS, Linux",1
STU2086,Artificial Intelligence & Data Science,8.58,84.1,5,66.4,"AWS, Python, Terraform, Docker, Kubernetes, CI/CD",0
STU2087,Electronics & Communication,6.97,66.3,0,30.0,"Python, Django, PostgreSQL, Git",1
STU2088,Electronics & Communication,8.08,80.0,2,73.3,"C, C++, Embedded Systems, RTOS, Linux",0
STU2089,Computer Science & Engineering,7.74,68.8,0,60.8,"C++, Data Structures, Algorithms, System Design, Linux, Git",1
STU2090,Computer Science & Engineering,6.83,65.4,0,67.2,"Python, Machine Learning, Pandas, Scikit-learn, SQL, PowerBI",1
STU2091,Computer Science & Engineering,8.64,77.7,2,86.5,"HTML, CSS, JavaScript, React, Node.js, Express, MongoDB",0
STU2092,Electrical Engineering,7.98,74.9,1,58.9,"Python, Django, PostgreSQL, Git",0
STU2093,Information Technology,7.49,67.4,0,69.6,"SQL, Excel, Tableau, Python, Data Analytics",1
STU2094,Information Technology,6.92,67.3,3,63.8,"Python, Machine Learning, Pandas, Scikit-learn, SQL, PowerBI",0
STU2095,Information Technology,7.13,67.4,0,89.1,"Python, SQL, React, Data Structures, Git, Docker",1
STU2096,Electronics & Communication,6.87,63.3,0,65.5,"Java, SQL, HTML, CSS, Problem Solving",0
STU2097,Information Technology,7.94,72.8,2,67.1,"C++, Data Structures, Algorithms, System Design, Linux, Git",0
STU2098,Electronics & Communication,9.39,88.5,0,71.9,"AWS, Python, Terraform, Docker, Kubernetes, CI/CD",1
STU2099,Electronics & Communication,6.84,64.8,2,52.5,"Python, SQL, React, Data Structures, Git, Docker",0
STU2100,Information Technology,6.94,65.8,2,73.5,"SQL, Excel, Tableau, Python, Data Analytics",0
STU2101,Artificial Intelligence & Data Science,7.69,69.6,0,99.0,"Python, Machine Learning, Pandas, Scikit-learn, SQL, PowerBI",1
STU2102,Artificial Intelligence & Data Science,8.61,78.7,0,30.0,"C++, Data Structures, Algorithms, System Design, Linux, Git",1
STU2103,Information Technology,8.03,73.0,0,76.5,"Python, SQL, React, Data Structures, Git, Docker",1
STU2104,Electrical Engineering,7.52,70.2,0,74.9,"Python, SQL, React, Data Structures, Git, Docker",1
STU2105,Electrical Engineering,5.0,50.0,0,64.4,"AWS, Python, Terraform, Docker, Kubernetes, CI/CD",0
STU2106,Electronics & Communication,8.28,74.9,0,68.6,"C++, Data Structures, Algorithms, System Design, Linux, Git",1
STU2107,Computer Science & Engineering,8.01,75.4,0,45.0,"AWS, Python, Terraform, Docker, Kubernetes, CI/CD",1
STU2108,Information Technology,7.76,70.1,0,34.5,"SQL, Excel, Tableau, Python, Data Analytics",1
STU2109,Electronics & Communication,8.33,84.2,1,67.4,"C, C++, Embedded Systems, RTOS, Linux",1
STU2110,Electrical Engineering,9.46,90.7,4,71.9,"Java, SQL, HTML, CSS, Problem Solving",0
STU2111,Electronics & Communication,7.41,73.0,0,59.5,"HTML, CSS, JavaScript, React, Node.js, Express, MongoDB",1
STU2112,Artificial Intelligence & Data Science,5.68,51.6,0,88.1,"C++, Data Structures, Algorithms, System Design, Linux, Git",0
STU2113,Electronics & Communication,7.02,67.4,1,87.1,"Python, Django, PostgreSQL, Git",1
STU2114,Electrical Engineering,6.75,65.5,0,68.4,"C, C++, Embedded Systems, RTOS, Linux",1
STU2115,Electrical Engineering,5.7,50.0,1,76.3,"Python, Machine Learning, Pandas, Scikit-learn, SQL, PowerBI",0
STU2116,Electronics & Communication,8.58,81.9,1,70.9,"Java, SQL, HTML, CSS, Problem Solving",1
STU2117,Information Technology,6.2,62.2,1,76.7,"HTML, CSS, JavaScript, React, Node.js, Express, MongoDB",1
STU2118,Electrical Engineering,7.3,67.6,0,82.0,"Python, SQL, React, Data Structures, Git, Docker",1
STU2119,Computer Science & Engineering,7.08,65.8,0,50.6,"SQL, Excel, Tableau, Python, Data Analytics",1
STU2120,Electrical Engineering,7.33,70.6,0,72.1,"AWS, Python, Terraform, Docker, Kubernetes, CI/CD",1
STU2121,Computer Science & Engineering,5.2,51.3,0,55.4,"SQL, Excel, Tableau, Python, Data Analytics",0
STU2122,Electronics & Communication,7.25,67.8,2,49.0,"C++, Data Structures, Algorithms, System Design, Linux, Git",0
STU2123,Electronics & Communication,6.21,57.0,1,59.8,"Python, Machine Learning, Pandas, Scikit-learn, SQL, PowerBI",1
STU2124,Electronics & Communication,7.33,70.4,3,97.3,"Java, Spring Boot, MySQL, REST APIs, Microservices, DSA",0
STU2125,Information Technology,5.74,56.1,0,52.5,"HTML, CSS, JavaScript, React, Node.js, Express, MongoDB",0
STU2126,Electronics & Communication,6.54,62.5,0,61.6,"Java, Spring Boot, MySQL, REST APIs, Microservices, DSA",1
STU2127,Computer Science & Engineering,7.6,70.6,0,77.6,"Java, Spring Boot, MySQL, REST APIs, Microservices, DSA",1
STU2128,Artificial Intelligence & Data Science,5.77,54.4,0,84.9,"Python, Django, PostgreSQL, Git",0
STU2129,Artificial Intelligence & Data Science,5.72,53.6,4,58.5,"Python, Django, PostgreSQL, Git",0
STU2130,Computer Science & Engineering,6.93,63.1,0,54.4,"Java, SQL, HTML, CSS, Problem Solving",1
STU2131,Information Technology,8.17,78.2,1,67.1,"SQL, Excel, Tableau, Python, Data Analytics",0
STU2132,Computer Science & Engineering,6.71,65.2,0,65.2,"Java, Spring Boot, MySQL, REST APIs, Microservices, DSA",1
STU2133,Electronics & Communication,6.89,68.5,0,68.5,"AWS, Python, Terraform, Docker, Kubernetes, CI/CD",1
STU2134,Electronics & Communication,6.95,68.0,2,52.2,"Java, Spring Boot, MySQL, REST APIs, Microservices, DSA",0
STU2135,Information Technology,8.64,78.6,0,55.2,"Java, SQL, HTML, CSS, Problem Solving",1
STU2136,Computer Science & Engineering,6.56,64.4,1,59.7,"C, C++, Embedded Systems, RTOS, Linux",1
STU2137,Artificial Intelligence & Data Science,8.39,81.6,0,83.4,"SQL, Excel, Tableau, Python, Data Analytics",1
STU2138,Information Technology,8.15,75.1,0,78.6,"Java, SQL, HTML, CSS, Problem Solving",1
STU2139,Information Technology,7.62,73.2,0,89.8,"Java, SQL, HTML, CSS, Problem Solving",1
STU2140,Information Technology,5.13,50.0,0,81.2,"AWS, Python, Terraform, Docker, Kubernetes, CI/CD",0
STU2141,Electrical Engineering,7.61,72.9,4,99.0,"C, C++, Embedded Systems, RTOS, Linux",0
STU2142,Electronics & Communication,7.35,66.7,0,54.8,"HTML, CSS, JavaScript, React, Node.js, Express, MongoDB",1
STU2143,Artificial Intelligence & Data Science,6.78,62.1,0,56.2,"Python, SQL, React, Data Structures, Git, Docker",1
STU2144,Information Technology,7.84,75.9,0,71.2,"Python, Django, PostgreSQL, Git",1
STU2145,Artificial Intelligence & Data Science,7.04,66.1,0,72.0,"Python, SQL, React, Data Structures, Git, Docker",1
STU2146,Artificial Intelligence & Data Science,7.7,75.5,0,59.6,"SQL, Excel, Tableau, Python, Data Analytics",1
STU2147,Information Technology,9.71,92.4,0,63.5,"Python, SQL, React, Data Structures, Git, Docker",1
STU2148,Computer Science & Engineering,5.48,51.0,0,52.7,"HTML, CSS, JavaScript, React, Node.js, Express, MongoDB",0
STU2149,Electronics & Communication,7.55,70.7,0,74.1,"Java, Spring Boot, MySQL, REST APIs, Microservices, DSA",1
STU2150,Artificial Intelligence & Data Science,5.0,51.6,1,72.1,"Python, Django, PostgreSQL, Git",0
STU2151,Computer Science & Engineering,6.55,63.1,2,83.5,"HTML, CSS, JavaScript, React, Node.js, Express, MongoDB",0
STU2152,Information Technology,6.73,63.1,0,58.4,"Java, SQL, HTML, CSS, Problem Solving",1
STU2153,Electronics & Communication,5.82,57.5,0,73.2,"Java, SQL, HTML, CSS, Problem Solving",0
STU2154,Electronics & Communication,7.76,72.7,0,79.8,"Python, SQL, React, Data Structures, Git, Docker",1
STU2155,Information Technology,5.91,56.8,0,65.7,"HTML, CSS, JavaScript, React, Node.js, Express, MongoDB",0
STU2156,Computer Science & Engineering,8.59,83.5,1,74.8,"SQL, Excel, Tableau, Python, Data Analytics",1
STU2157,Computer Science & Engineering,8.58,82.2,0,55.8,"Java, Spring Boot, MySQL, REST APIs, Microservices, DSA",1
STU2158,Artificial Intelligence & Data Science,7.26,70.7,0,66.4,"C, C++, Embedded Systems, RTOS, Linux",1
STU2159,Electrical Engineering,6.98,65.6,5,93.9,"Python, Machine Learning, Pandas, Scikit-learn, SQL, PowerBI",0
STU2160,Electrical Engineering,6.24,54.3,0,70.8,"Java, SQL, HTML, CSS, Problem Solving",1
STU2161,Artificial Intelligence & Data Science,8.07,75.2,0,68.6,"C, C++, Embedded Systems, RTOS, Linux",1
STU2162,Artificial Intelligence & Data Science,7.01,62.2,0,87.2,"Python, Machine Learning, Pandas, Scikit-learn, SQL, PowerBI",1
STU2163,Computer Science & Engineering,6.21,57.0,0,80.9,"Java, SQL, HTML, CSS, Problem Solving",1
STU2164,Electrical Engineering,7.79,72.3,0,69.4,"C, C++, Embedded Systems, RTOS, Linux",1
STU2165,Information Technology,6.87,65.0,0,81.5,"SQL, Excel, Tableau, Python, Data Analytics",1
STU2166,Information Technology,7.65,71.6,0,60.3,"Python, Django, PostgreSQL, Git",1
STU2167,Information Technology,8.17,78.2,2,45.9,"C++, Data Structures, Algorithms, System Design, Linux, Git",0
STU2168,Computer Science & Engineering,8.01,77.5,1,40.9,"C++, Data Structures, Algorithms, System Design, Linux, Git",1
STU2169,Information Technology,6.56,62.7,0,63.5,"Java, SQL, HTML, CSS, Problem Solving",1
STU2170,Electrical Engineering,6.86,64.2,5,84.1,"C++, Data Structures, Algorithms, System Design, Linux, Git",0
STU2171,Computer Science & Engineering,7.73,73.6,0,59.7,"Java, Spring Boot, MySQL, REST APIs, Microservices, DSA",1
STU2172,Electrical Engineering,6.13,55.6,0,46.3,"Java, SQL, HTML, CSS, Problem Solving",1
STU2173,Electrical Engineering,8.13,78.7,0,87.6,"HTML, CSS, JavaScript, React, Node.js, Express, MongoDB",1
STU2174,Electrical Engineering,8.33,81.5,0,59.9,"Python, SQL, React, Data Structures, Git, Docker",1
STU2175,Computer Science & Engineering,6.13,59.0,0,56.7,"Java, SQL, HTML, CSS, Problem Solving",1
STU2176,Electrical Engineering,7.52,72.2,0,72.5,"C++, Data Structures, Algorithms, System Design, Linux, Git",1
STU2177,Computer Science & Engineering,8.81,85.1,0,81.7,"Java, Spring Boot, MySQL, REST APIs, Microservices, DSA",1
STU2178,Electronics & Communication,6.89,67.0,0,48.5,"Java, Spring Boot, MySQL, REST APIs, Microservices, DSA",1
STU2179,Artificial Intelligence & Data Science,8.56,81.5,1,61.5,"AWS, Python, Terraform, Docker, Kubernetes, CI/CD",1
STU2180,Electrical Engineering,6.47,62.6,0,67.5,"Python, Django, PostgreSQL, Git",1
STU2181,Information Technology,5.65,52.8,0,62.8,"Python, SQL, React, Data Structures, Git, Docker",0
STU2182,Electrical Engineering,8.37,79.5,0,73.5,"C++, Data Structures, Algorithms, System Design, Linux, Git",1
STU2183,Computer Science & Engineering,6.35,61.3,0,55.6,"Java, SQL, HTML, CSS, Problem Solving",1
STU2184,Information Technology,6.51,64.0,0,37.6,"AWS, Python, Terraform, Docker, Kubernetes, CI/CD",0
STU2185,Electronics & Communication,6.09,55.8,0,53.4,"Python, Django, PostgreSQL, Git",1
STU2186,Electronics & Communication,5.66,54.6,2,65.0,"Python, SQL, React, Data Structures, Git, Docker",0
STU2187,Electronics & Communication,7.82,74.9,1,57.6,"HTML, CSS, JavaScript, React, Node.js, Express, MongoDB",0
STU2188,Computer Science & Engineering,8.12,77.0,0,51.4,"Python, Django, PostgreSQL, Git",1
STU2189,Electronics & Communication,8.56,80.2,3,64.1,"C++, Data Structures, Algorithms, System Design, Linux, Git",0
STU2190,Electronics & Communication,7.2,66.6,4,62.2,"AWS, Python, Terraform, Docker, Kubernetes, CI/CD",0
STU2191,Computer Science & Engineering,7.78,71.6,1,75.6,"SQL, Excel, Tableau, Python, Data Analytics",1
STU2192,Artificial Intelligence & Data Science,6.86,67.3,0,74.9,"Python, Machine Learning, Pandas, Scikit-learn, SQL, PowerBI",1
STU2193,Electronics & Communication,9.68,94.0,1,88.5,"C, C++, Embedded Systems, RTOS, Linux",1
STU2194,Information Technology,7.34,68.6,1,70.4,"C, C++, Embedded Systems, RTOS, Linux",0
STU2195,Artificial Intelligence & Data Science,8.44,82.4,0,84.8,"C, C++, Embedded Systems, RTOS, Linux",1
STU2196,Electrical Engineering,8.22,76.8,0,71.0,"C, C++, Embedded Systems, RTOS, Linux",1
STU2197,Information Technology,7.07,70.2,0,48.9,"Python, Machine Learning, Pandas, Scikit-learn, SQL, PowerBI",1
STU2198,Computer Science & Engineering,5.4,50.1,1,73.2,"Python, Machine Learning, Pandas, Scikit-learn, SQL, PowerBI",0
STU2199,Information Technology,8.04,76.1,0,64.7,"AWS, Python, Terraform, Docker, Kubernetes, CI/CD",1
